panel,method,x,value
A_timeseries,SAC,0.0,24.379621
A_timeseries,SAC,0.005,24.388053
A_timeseries,SAC,0.01,24.387978
A_timeseries,SAC,0.015,24.38219
A_timeseries,SAC,0.02,24.373608
A_timeseries,SAC,0.025,24.362893
A_timeseries,SAC,0.03,24.353978
A_timeseries,SAC,0.035,24.347624
A_timeseries,SAC,0.04,24.3436
A_timeseries,SAC,0.045,24.342293
A_timeseries,SAC,0.05,24.34407
A_timeseries,SAC,0.055,24.349107
A_timeseries,SAC,0.06,24.356417
A_timeseries,SAC,0.065,24.366428
A_timeseries,SAC,0.07,24.379023
A_timeseries,SAC,0.075,24.393384
A_timeseries,SAC,0.08,24.408397
A_timeseries,SAC,0.085,24.422861
A_timeseries,SAC,0.09,24.435633
A_timeseries,SAC,0.095,24.445757
A_timeseries,SAC,0.1,24.452476
A_timeseries,SAC,0.105,24.455525
A_timeseries,SAC,0.11,24.454974
A_timeseries,SAC,0.115,24.451251
A_timeseries,SAC,0.12,24.445075
A_timeseries,SAC,0.125,24.436012
A_timeseries,SAC,0.13,24.421462
A_timeseries,SAC,0.135,24.406
A_timeseries,SAC,0.14,24.392681
A_timeseries,SAC,0.145,24.380184
A_timeseries,SAC,0.15,24.369558
A_timeseries,SAC,0.155,24.360835
A_timeseries,SAC,0.16,24.353563
A_timeseries,SAC,0.165,24.346892
A_timeseries,SAC,0.17,24.339716
A_timeseries,SAC,0.175,24.332275
A_timeseries,SAC,0.18,24.323502
A_timeseries,SAC,0.185,24.311763
A_timeseries,SAC,0.19,24.305605
A_timeseries,SAC,0.195,24.307995
A_timeseries,SAC,0.2,24.337108
A_timeseries,SAC,0.205,24.372995
A_timeseries,SAC,0.21,24.407192
A_timeseries,SAC,0.215,24.437602
A_timeseries,SAC,0.22,24.464246
A_timeseries,SAC,0.225,24.486279
A_timeseries,SAC,0.23,24.504243
A_timeseries,SAC,0.235,24.519766
A_timeseries,SAC,0.24,24.53359
A_timeseries,SAC,0.245,24.546181
A_timeseries,SAC,0.25,24.557916
A_timeseries,SAC,0.255,24.569102
A_timeseries,SAC,0.26,24.579973
A_timeseries,SAC,0.265,24.590669
A_timeseries,SAC,0.27,24.601235
A_timeseries,SAC,0.275,24.611614
A_timeseries,SAC,0.28,24.622183
A_timeseries,SAC,0.285,24.633065
A_timeseries,SAC,0.29,24.643402
A_timeseries,SAC,0.295,24.651974
A_timeseries,SAC,0.3,24.659279
A_timeseries,SAC,0.305,24.664765
A_timeseries,SAC,0.31,24.668312
A_timeseries,SAC,0.315,24.669752
A_timeseries,SAC,0.32,24.668539
A_timeseries,SAC,0.325,24.664786
A_timeseries,SAC,0.33,24.658713
A_timeseries,SAC,0.335,24.650694
A_timeseries,SAC,0.34,24.641225
A_timeseries,SAC,0.345,24.630891
A_timeseries,SAC,0.35,24.620317
A_timeseries,SAC,0.355,24.610114
A_timeseries,SAC,0.36,24.600836
A_timeseries,SAC,0.365,24.59293
A_timeseries,SAC,0.37,24.586704
A_timeseries,SAC,0.375,24.582298
A_timeseries,SAC,0.38,24.579674
A_timeseries,SAC,0.385,24.578622
A_timeseries,SAC,0.39,24.578762
A_timeseries,SAC,0.395,24.579579
A_timeseries,SAC,0.4,24.58046
A_timeseries,SAC,0.405,24.580748
A_timeseries,SAC,0.41,24.580132
A_timeseries,SAC,0.415,24.577973
A_timeseries,SAC,0.42,24.573599
A_timeseries,SAC,0.425,24.566774
A_timeseries,SAC,0.43,24.557487
A_timeseries,SAC,0.435,24.545968
A_timeseries,SAC,0.44,24.532668
A_timeseries,SAC,0.445,24.518205
A_timeseries,SAC,0.45,24.503299
A_timeseries,SAC,0.455,24.488716
A_timeseries,SAC,0.46,24.475165
A_timeseries,SAC,0.465,24.462851
A_timeseries,SAC,0.47,24.452146
A_timeseries,SAC,0.475,24.443633
A_timeseries,SAC,0.48,24.437401
A_timeseries,SAC,0.485,24.433272
A_timeseries,SAC,0.49,24.430847
A_timeseries,SAC,0.495,24.429556
A_timeseries,SAC,0.5,24.428692
A_timeseries,SAC,0.505,24.427511
A_timeseries,SAC,0.51,24.42803
A_timeseries,SAC,0.515,24.428151
A_timeseries,SAC,0.52,24.426398
A_timeseries,SAC,0.525,24.42319
A_timeseries,SAC,0.53,24.417718
A_timeseries,SAC,0.535,24.410133
A_timeseries,SAC,0.54,24.401012
A_timeseries,SAC,0.545,24.391133
A_timeseries,SAC,0.55,24.38136
A_timeseries,SAC,0.555,24.372541
A_timeseries,SAC,0.56,24.365406
A_timeseries,SAC,0.565,24.360495
A_timeseries,SAC,0.57,24.358097
A_timeseries,SAC,0.575,24.358239
A_timeseries,SAC,0.58,24.36067
A_timeseries,SAC,0.585,24.364895
A_timeseries,SAC,0.59,24.370214
A_timeseries,SAC,0.595,24.37581
A_timeseries,SAC,0.6,24.380832
A_timeseries,SAC,0.605,24.384488
A_timeseries,SAC,0.61,24.386154
A_timeseries,SAC,0.615,24.385453
A_timeseries,SAC,0.62,24.382301
A_timeseries,SAC,0.625,24.376919
A_timeseries,SAC,0.63,24.369813
A_timeseries,SAC,0.635,24.361693
A_timeseries,SAC,0.64,24.352726
A_timeseries,SAC,0.645,24.343496
A_timeseries,SAC,0.65,24.335431
A_timeseries,SAC,0.655,24.329242
A_timeseries,SAC,0.66,24.325286
A_timeseries,SAC,0.665,24.32365
A_timeseries,SAC,0.67,24.324161
A_timeseries,SAC,0.675,24.326399
A_timeseries,SAC,0.68,24.329747
A_timeseries,SAC,0.685,24.333455
A_timeseries,SAC,0.69,24.336733
A_timeseries,SAC,0.695,24.338835
A_timeseries,SAC,0.7,24.339168
A_timeseries,SAC,0.705,24.337351
A_timeseries,SAC,0.71,24.333284
A_timeseries,SAC,0.715,24.327155
A_timeseries,SAC,0.72,24.319408
A_timeseries,SAC,0.725,24.310685
A_timeseries,SAC,0.73,24.301738
A_timeseries,SAC,0.735,24.293334
A_timeseries,SAC,0.74,24.286168
A_timeseries,SAC,0.745,24.280762
A_timeseries,SAC,0.75,24.277428
A_timeseries,SAC,0.755,24.27622
A_timeseries,SAC,0.76,24.27695
A_timeseries,SAC,0.765,24.279186
A_timeseries,SAC,0.77,24.28233
A_timeseries,SAC,0.775,24.285654
A_timeseries,SAC,0.78,24.288415
A_timeseries,SAC,0.785,24.289944
A_timeseries,SAC,0.79,24.28973
A_timeseries,SAC,0.795,24.287492
A_timeseries,SAC,0.8,24.283211
A_timeseries,SAC,0.805,24.277149
A_timeseries,SAC,0.81,24.269791
A_timeseries,SAC,0.815,24.261784
A_timeseries,SAC,0.82,24.253848
A_timeseries,SAC,0.825,24.246685
A_timeseries,SAC,0.83,24.240876
A_timeseries,SAC,0.835,24.236832
A_timeseries,SAC,0.84,24.234728
A_timeseries,SAC,0.845,24.234506
A_timeseries,SAC,0.85,24.235863
A_timeseries,SAC,0.855,24.238298
A_timeseries,SAC,0.86,24.24117
A_timeseries,SAC,0.865,24.243791
A_timeseries,SAC,0.87,24.245499
A_timeseries,SAC,0.875,24.245754
A_timeseries,SAC,0.88,24.244213
A_timeseries,SAC,0.885,24.240786
A_timeseries,SAC,0.89,24.235639
A_timeseries,SAC,0.895,24.229162
A_timeseries,SAC,0.9,24.221934
A_timeseries,SAC,0.905,24.214608
A_timeseries,SAC,0.91,24.207856
A_timeseries,SAC,0.915,24.202248
A_timeseries,SAC,0.92,24.1982
A_timeseries,SAC,0.925,24.195907
A_timeseries,SAC,0.93,24.195343
A_timeseries,SAC,0.935,24.196254
A_timeseries,SAC,0.94,24.198186
A_timeseries,SAC,0.945,24.200545
A_timeseries,SAC,0.95,24.202699
A_timeseries,SAC,0.955,24.204021
A_timeseries,SAC,0.96,24.204009
A_timeseries,SAC,0.965,24.202356
A_timeseries,SAC,0.97,24.198979
A_timeseries,SAC,0.975,24.19404
A_timeseries,SAC,0.98,24.187924
A_timeseries,SAC,0.985,24.181172
A_timeseries,SAC,0.99,24.174403
A_timeseries,SAC,0.995,24.16823
A_timeseries,SAC,1.0,24.163165
A_timeseries,SAC,1.005,24.159568
A_timeseries,SAC,1.01,24.157592
A_timeseries,SAC,1.015,24.157158
A_timeseries,SAC,1.02,24.157979
A_timeseries,SAC,1.025,24.159609
A_timeseries,SAC,1.03,24.16146
A_timeseries,SAC,1.035,24.162939
A_timeseries,SAC,1.04,24.163174
A_timeseries,SAC,1.045,24.161303
A_timeseries,SAC,1.05,24.157778
A_timeseries,SAC,1.055,24.152688
A_timeseries,SAC,1.06,24.146279
A_timeseries,SAC,1.065,24.13896
A_timeseries,SAC,1.07,24.131272
A_timeseries,SAC,1.075,24.123795
A_timeseries,SAC,1.08,24.117055
A_timeseries,SAC,1.085,24.111482
A_timeseries,SAC,1.09,24.107319
A_timeseries,SAC,1.095,24.104607
A_timeseries,SAC,1.1,24.103188
A_timeseries,SAC,1.105,24.102703
A_timeseries,SAC,1.11,24.102674
A_timeseries,SAC,1.115,24.102545
A_timeseries,SAC,1.12,24.101783
A_timeseries,SAC,1.125,24.099928
A_timeseries,SAC,1.13,24.096709
A_timeseries,SAC,1.135,24.092034
A_timeseries,SAC,1.14,24.086034
A_timeseries,SAC,1.145,24.079038
A_timeseries,SAC,1.15,24.071514
A_timeseries,SAC,1.155,24.064
A_timeseries,SAC,1.16,24.057022
A_timeseries,SAC,1.165,24.05101
A_timeseries,SAC,1.17,24.046247
A_timeseries,SAC,1.175,24.042831
A_timeseries,SAC,1.18,24.040657
A_timeseries,SAC,1.185,24.039428
A_timeseries,SAC,1.19,24.038714
A_timeseries,SAC,1.195,24.038007
A_timeseries,SAC,1.2,24.036291
A_timeseries,SAC,1.205,24.033699
A_timeseries,SAC,1.21,24.029894
A_timeseries,SAC,1.215,24.024754
A_timeseries,SAC,1.22,24.01836
A_timeseries,SAC,1.225,24.011016
A_timeseries,SAC,1.23,24.003139
A_timeseries,SAC,1.235,23.995914
A_timeseries,SAC,1.24,23.989375
A_timeseries,SAC,1.245,23.983753
A_timeseries,SAC,1.25,23.979287
A_timeseries,SAC,1.255,23.976061
A_timeseries,SAC,1.26,23.973978
A_timeseries,SAC,1.265,23.972753
A_timeseries,SAC,1.27,23.971971
A_timeseries,SAC,1.275,23.971146
A_timeseries,SAC,1.28,23.969805
A_timeseries,SAC,1.285,23.96753
A_timeseries,SAC,1.29,23.96408
A_timeseries,SAC,1.295,23.95939
A_timeseries,SAC,1.3,23.953452
A_timeseries,SAC,1.305,23.946187
A_timeseries,SAC,1.31,23.938268
A_timeseries,SAC,1.315,23.930418
A_timeseries,SAC,1.32,23.923102
A_timeseries,SAC,1.325,23.917716
A_timeseries,SAC,1.33,23.915942
A_timeseries,SAC,1.335,23.915709
A_timeseries,SAC,1.34,23.916544
A_timeseries,SAC,1.345,23.918082
A_timeseries,SAC,1.35,23.919877
A_timeseries,SAC,1.355,23.921433
A_timeseries,SAC,1.36,23.922334
A_timeseries,SAC,1.365,23.922238
A_timeseries,SAC,1.37,23.920994
A_timeseries,SAC,1.375,23.91864
A_timeseries,SAC,1.38,23.91538
A_timeseries,SAC,1.385,23.911603
A_timeseries,SAC,1.39,23.907748
A_timeseries,SAC,1.395,23.904272
A_timeseries,SAC,1.4,23.901557
A_timeseries,SAC,1.405,23.899864
A_timeseries,SAC,1.41,23.899274
A_timeseries,SAC,1.415,23.899666
A_timeseries,SAC,1.42,23.900788
A_timeseries,SAC,1.425,23.902245
A_timeseries,SAC,1.43,23.90358
A_timeseries,SAC,1.435,23.904379
A_timeseries,SAC,1.44,23.904314
A_timeseries,SAC,1.445,23.903182
A_timeseries,SAC,1.45,23.901007
A_timeseries,SAC,1.455,23.897961
A_timeseries,SAC,1.46,23.89438
A_timeseries,SAC,1.465,23.890679
A_timeseries,SAC,1.47,23.887365
A_timeseries,SAC,1.475,23.884773
A_timeseries,SAC,1.48,23.883112
A_timeseries,SAC,1.485,23.882474
A_timeseries,SAC,1.49,23.882763
A_timeseries,SAC,1.495,23.883732
A_timeseries,SAC,1.5,23.884972
A_timeseries,SAC,1.505,23.885816
A_timeseries,SAC,1.51,23.886023
A_timeseries,SAC,1.515,23.885506
A_timeseries,SAC,1.52,23.884029
A_timeseries,SAC,1.525,23.881586
A_timeseries,SAC,1.53,23.878355
A_timeseries,SAC,1.535,23.87505
A_timeseries,SAC,1.54,23.873662
A_timeseries,SAC,1.545,23.872991
A_timeseries,SAC,1.55,23.87309
A_timeseries,SAC,1.555,23.874111
A_timeseries,SAC,1.56,23.876099
A_timeseries,SAC,1.565,23.878919
A_timeseries,SAC,1.57,23.883254
A_timeseries,SAC,1.575,23.888736
A_timeseries,SAC,1.58,23.894097
A_timeseries,SAC,1.585,23.898865
A_timeseries,SAC,1.59,23.902769
A_timeseries,SAC,1.595,23.905721
A_timeseries,SAC,1.6,23.907804
A_timeseries,SAC,1.605,23.909269
A_timeseries,SAC,1.61,23.910481
A_timeseries,SAC,1.615,23.911841
A_timeseries,SAC,1.62,23.913816
A_timeseries,SAC,1.625,23.916571
A_timeseries,SAC,1.63,23.920182
A_timeseries,SAC,1.635,23.924636
A_timeseries,SAC,1.64,23.929714
A_timeseries,SAC,1.645,23.935097
A_timeseries,SAC,1.65,23.940384
A_timeseries,SAC,1.655,23.94522
A_timeseries,SAC,1.66,23.949312
A_timeseries,SAC,1.665,23.952528
A_timeseries,SAC,1.67,23.95489
A_timeseries,SAC,1.675,23.956608
A_timeseries,SAC,1.68,23.959942
A_timeseries,SAC,1.685,23.963991
A_timeseries,SAC,1.69,23.968541
A_timeseries,SAC,1.695,23.973628
A_timeseries,SAC,1.7,23.979524
A_timeseries,SAC,1.705,23.986225
A_timeseries,SAC,1.71,23.993545
A_timeseries,SAC,1.715,24.001177
A_timeseries,SAC,1.72,24.008739
A_timeseries,SAC,1.725,24.015873
A_timeseries,SAC,1.73,24.022293
A_timeseries,SAC,1.735,24.027859
A_timeseries,SAC,1.74,24.032605
A_timeseries,SAC,1.745,24.036712
A_timeseries,SAC,1.75,24.040494
A_timeseries,SAC,1.755,24.044315
A_timeseries,SAC,1.76,24.048532
A_timeseries,SAC,1.765,24.053404
A_timeseries,SAC,1.77,24.059056
A_timeseries,SAC,1.775,24.065461
A_timeseries,SAC,1.78,24.072406
A_timeseries,SAC,1.785,24.079597
A_timeseries,SAC,1.79,24.086663
A_timeseries,SAC,1.795,24.093277
A_timeseries,SAC,1.8,24.099181
A_timeseries,SAC,1.805,24.104267
A_timeseries,SAC,1.81,24.108608
A_timeseries,SAC,1.815,24.112394
A_timeseries,SAC,1.82,24.115941
A_timeseries,SAC,1.825,24.119619
A_timeseries,SAC,1.83,24.123728
A_timeseries,SAC,1.835,24.128501
A_timeseries,SAC,1.84,24.134019
A_timeseries,SAC,1.845,24.140196
A_timeseries,SAC,1.85,24.146795
A_timeseries,SAC,1.855,24.153522
A_timeseries,SAC,1.86,24.160016
A_timeseries,SAC,1.865,24.165985
A_timeseries,SAC,1.87,24.17137
A_timeseries,SAC,1.875,24.176143
A_timeseries,SAC,1.88,24.180221
A_timeseries,SAC,1.885,24.183875
A_timeseries,SAC,1.89,24.187443
A_timeseries,SAC,1.895,24.191267
A_timeseries,SAC,1.9,24.195607
A_timeseries,SAC,1.905,24.200633
A_timeseries,SAC,1.91,24.206342
A_timeseries,SAC,1.915,24.212589
A_timeseries,SAC,1.92,24.219103
A_timeseries,SAC,1.925,24.225571
A_timeseries,SAC,1.93,24.231667
A_timeseries,SAC,1.935,24.237146
A_timeseries,SAC,1.94,24.241894
A_timeseries,SAC,1.945,24.24596
A_timeseries,SAC,1.95,24.249523
A_timeseries,SAC,1.955,24.252869
A_timeseries,SAC,1.96,24.256325
A_timeseries,SAC,1.965,24.260185
A_timeseries,SAC,1.97,24.264648
A_timeseries,SAC,1.975,24.269772
A_timeseries,SAC,1.98,24.275469
A_timeseries,SAC,1.985,24.281522
A_timeseries,SAC,1.99,24.287627
A_timeseries,SAC,1.995,24.293468
A_timeseries,SAC,2.0,24.298782
A_timeseries,SAC,2.005,24.303419
A_timeseries,SAC,2.01,24.307369
A_timeseries,SAC,2.015,24.310785
A_timeseries,SAC,2.02,24.313918
A_timeseries,SAC,2.025,24.317078
A_timeseries,SAC,2.03,24.32056
A_timeseries,SAC,2.035,24.324579
A_timeseries,SAC,2.04,24.329223
A_timeseries,SAC,2.045,24.334446
A_timeseries,SAC,2.05,24.340044
A_timeseries,SAC,2.055,24.34574
A_timeseries,SAC,2.06,24.351228
A_timeseries,SAC,2.065,24.356244
A_timeseries,SAC,2.07,24.360628
A_timeseries,SAC,2.075,24.364349
A_timeseries,SAC,2.08,24.367534
A_timeseries,SAC,2.085,24.370422
A_timeseries,SAC,2.09,24.373303
A_timeseries,SAC,2.095,24.372472
A_timeseries,SAC,2.1,24.367587
A_timeseries,SAC,2.105,24.363513
A_timeseries,SAC,2.11,24.35994
A_timeseries,SAC,2.115,24.35673
A_timeseries,SAC,2.12,24.353639
A_timeseries,SAC,2.125,24.350398
A_timeseries,SAC,2.13,24.346752
A_timeseries,SAC,2.135,24.342545
A_timeseries,SAC,2.14,24.33772
A_timeseries,SAC,2.145,24.332378
A_timeseries,SAC,2.15,24.3267
A_timeseries,SAC,2.155,24.320445
A_timeseries,SAC,2.16,24.314293
A_timeseries,SAC,2.165,24.308546
A_timeseries,SAC,2.17,24.303312
A_timeseries,SAC,2.175,24.298596
A_timeseries,SAC,2.18,24.294263
A_timeseries,SAC,2.185,24.290095
A_timeseries,SAC,2.19,24.285825
A_timeseries,SAC,2.195,24.281217
A_timeseries,SAC,2.2,24.276084
A_timeseries,SAC,2.205,24.270366
A_timeseries,SAC,2.21,24.264125
A_timeseries,SAC,2.215,24.257533
A_timeseries,SAC,2.22,24.250834
A_timeseries,SAC,2.225,24.244281
A_timeseries,SAC,2.23,24.238099
A_timeseries,SAC,2.235,24.232403
A_timeseries,SAC,2.24,24.227208
A_timeseries,SAC,2.245,24.222395
A_timeseries,SAC,2.25,24.217759
A_timeseries,SAC,2.255,24.213047
A_timeseries,SAC,2.26,24.208974
A_timeseries,SAC,2.265,24.204411
A_timeseries,SAC,2.27,24.19929
A_timeseries,SAC,2.275,24.193681
A_timeseries,SAC,2.28,24.187726
A_timeseries,SAC,2.285,24.18168
A_timeseries,SAC,2.29,24.175787
A_timeseries,SAC,2.295,24.170262
A_timeseries,SAC,2.3,24.165219
A_timeseries,SAC,2.305,24.160654
A_timeseries,SAC,2.31,24.156443
A_timeseries,SAC,2.315,24.152388
A_timeseries,SAC,2.32,24.14822
A_timeseries,SAC,2.325,24.143722
A_timeseries,SAC,2.33,24.13874
A_timeseries,SAC,2.335,24.13322
A_timeseries,SAC,2.34,24.127238
A_timeseries,SAC,2.345,24.120975
A_timeseries,SAC,2.35,24.114664
A_timeseries,SAC,2.355,24.108547
A_timeseries,SAC,2.36,24.10282
A_timeseries,SAC,2.365,24.09756
A_timeseries,SAC,2.37,24.092738
A_timeseries,SAC,2.375,24.088227
A_timeseries,SAC,2.38,24.083788
A_timeseries,SAC,2.385,24.079193
A_timeseries,SAC,2.39,24.074227
A_timeseries,SAC,2.395,24.068768
A_timeseries,SAC,2.4,24.062801
A_timeseries,SAC,2.405,24.056442
A_timeseries,SAC,2.41,24.049881
A_timeseries,SAC,2.415,24.043354
A_timeseries,SAC,2.42,24.037088
A_timeseries,SAC,2.425,24.031237
A_timeseries,SAC,2.43,24.025843
A_timeseries,SAC,2.435,24.020822
A_timeseries,SAC,2.44,24.016031
A_timeseries,SAC,2.445,24.011219
A_timeseries,SAC,2.45,24.006169
A_timeseries,SAC,2.455,24.000706
A_timeseries,SAC,2.46,23.994803
A_timeseries,SAC,2.465,23.988508
A_timeseries,SAC,2.47,23.981898
A_timeseries,SAC,2.475,23.975205
A_timeseries,SAC,2.48,23.968658
A_timeseries,SAC,2.485,23.962443
A_timeseries,SAC,2.49,23.956654
A_timeseries,SAC,2.495,23.951302
A_timeseries,SAC,2.5,23.946238
A_timeseries,SAC,2.505,23.941278
A_timeseries,SAC,2.51,23.936177
A_timeseries,SAC,2.515,23.930752
A_timeseries,SAC,2.52,23.924877
A_timeseries,SAC,2.525,23.918537
A_timeseries,SAC,2.53,23.911841
A_timeseries,SAC,2.535,23.90497
A_timeseries,SAC,2.54,23.89815
A_timeseries,SAC,2.545,23.891599
A_timeseries,SAC,2.55,23.885436
A_timeseries,SAC,2.555,23.879701
A_timeseries,SAC,2.56,23.870616
A_timeseries,SAC,2.565,23.861803
A_timeseries,SAC,2.57,23.85293
A_timeseries,SAC,2.575,23.843815
A_timeseries,SAC,2.58,23.834309
A_timeseries,SAC,2.585,23.824366
A_timeseries,SAC,2.59,23.814043
A_timeseries,SAC,2.595,23.803493
A_timeseries,SAC,2.6,23.792925
A_timeseries,SAC,2.605,23.782535
A_timeseries,SAC,2.61,23.772495
A_timeseries,SAC,2.615,23.762868
A_timeseries,SAC,2.62,23.753626
A_timeseries,SAC,2.625,23.744627
A_timeseries,SAC,2.63,23.735684
A_timeseries,SAC,2.635,23.726584
A_timeseries,SAC,2.64,23.717171
A_timeseries,SAC,2.645,23.707353
A_timeseries,SAC,2.65,23.697158
A_timeseries,SAC,2.655,23.6867
A_timeseries,SAC,2.66,23.67618
A_timeseries,SAC,2.665,23.665799
A_timeseries,SAC,2.67,23.655735
A_timeseries,SAC,2.675,23.646076
A_timeseries,SAC,2.68,23.636842
A_timeseries,SAC,2.685,23.627918
A_timeseries,SAC,2.69,23.619108
A_timeseries,SAC,2.695,23.610219
A_timeseries,SAC,2.7,23.601084
A_timeseries,SAC,2.705,23.591588
A_timeseries,SAC,2.71,23.581731
A_timeseries,SAC,2.715,23.57162
A_timeseries,SAC,2.72,23.561422
A_timeseries,SAC,2.725,23.551348
A_timeseries,SAC,2.73,23.541579
A_timeseries,SAC,2.735,23.532223
A_timeseries,SAC,2.74,23.52329
A_timeseries,SAC,2.745,23.514694
A_timeseries,SAC,2.75,23.506273
A_timeseries,SAC,2.755,23.497822
A_timeseries,SAC,2.76,23.489172
A_timeseries,SAC,2.765,23.480367
A_timeseries,SAC,2.77,23.471579
A_timeseries,SAC,2.775,23.46242
A_timeseries,SAC,2.78,23.453202
A_timeseries,SAC,2.785,23.444105
A_timeseries,SAC,2.79,23.435299
A_timeseries,SAC,2.795,23.426913
A_timeseries,SAC,2.8,23.418954
A_timeseries,SAC,2.805,23.41134
A_timeseries,SAC,2.81,23.403915
A_timeseries,SAC,2.815,23.396495
A_timeseries,SAC,2.82,23.388889
A_timeseries,SAC,2.825,23.381001
A_timeseries,SAC,2.83,23.372815
A_timeseries,SAC,2.835,23.364411
A_timeseries,SAC,2.84,23.35597
A_timeseries,SAC,2.845,23.347668
A_timeseries,SAC,2.85,23.339681
A_timeseries,SAC,2.855,23.332129
A_timeseries,SAC,2.86,23.325011
A_timeseries,SAC,2.865,23.318618
A_timeseries,SAC,2.87,23.312738
A_timeseries,SAC,2.875,23.303603
A_timeseries,SAC,2.88,23.294876
A_timeseries,SAC,2.885,23.285884
A_timeseries,SAC,2.89,23.276716
A_timeseries,SAC,2.895,23.267451
A_timeseries,SAC,2.9,23.258253
A_timeseries,SAC,2.905,23.249315
A_timeseries,SAC,2.91,23.240793
A_timeseries,SAC,2.915,23.232797
A_timeseries,SAC,2.92,23.225314
A_timeseries,SAC,2.925,23.218267
A_timeseries,SAC,2.93,23.211486
A_timeseries,SAC,2.935,23.204801
A_timeseries,SAC,2.94,23.198049
A_timeseries,SAC,2.945,23.191155
A_timeseries,SAC,2.95,23.184123
A_timeseries,SAC,2.955,23.177067
A_timeseries,SAC,2.96,23.170144
A_timeseries,SAC,2.965,23.163542
A_timeseries,SAC,2.97,23.157642
A_timeseries,SAC,2.975,23.152563
A_timeseries,SAC,2.98,23.148052
A_timeseries,SAC,2.985,23.14396
A_timeseries,SAC,2.99,23.140121
A_timeseries,SAC,2.995,23.136361
A_timeseries,SAC,3.0,23.13253
A_timeseries,SAC,3.005,23.130786
A_timeseries,SAC,3.01,23.129747
A_timeseries,SAC,3.015,23.128532
A_timeseries,SAC,3.02,23.127351
A_timeseries,SAC,3.025,23.126382
A_timeseries,SAC,3.03,23.125749
A_timeseries,SAC,3.035,23.125495
A_timeseries,SAC,3.04,23.125552
A_timeseries,SAC,3.045,23.125769
A_timeseries,SAC,3.05,23.125965
A_timeseries,SAC,3.055,23.12597
A_timeseries,SAC,3.06,23.125674
A_timeseries,SAC,3.065,23.125078
A_timeseries,SAC,3.07,23.124265
A_timeseries,SAC,3.075,23.123406
A_timeseries,SAC,3.08,23.12314
A_timeseries,SAC,3.085,23.123134
A_timeseries,SAC,3.09,23.123472
A_timeseries,SAC,3.095,23.124123
A_timeseries,SAC,3.1,23.124966
A_timeseries,SAC,3.105,23.125832
A_timeseries,SAC,3.11,23.12653
A_timeseries,SAC,3.115,23.126944
A_timeseries,SAC,3.12,23.127027
A_timeseries,SAC,3.125,23.126845
A_timeseries,SAC,3.13,23.126541
A_timeseries,SAC,3.135,23.126294
A_timeseries,SAC,3.14,23.126272
A_timeseries,SAC,3.145,23.126566
A_timeseries,SAC,3.15,23.127177
A_timeseries,SAC,3.155,23.12801
A_timeseries,SAC,3.16,23.128902
A_timeseries,SAC,3.165,23.129672
A_timeseries,SAC,3.17,23.130182
A_timeseries,SAC,3.175,23.13037
A_timeseries,SAC,3.18,23.130276
A_timeseries,SAC,3.185,23.130026
A_timeseries,SAC,3.19,23.129794
A_timeseries,SAC,3.195,23.129746
A_timeseries,SAC,3.2,23.1304
A_timeseries,SAC,3.205,23.131356
A_timeseries,SAC,3.21,23.132513
A_timeseries,SAC,3.215,23.133718
A_timeseries,SAC,3.22,23.134789
A_timeseries,SAC,3.225,23.135576
A_timeseries,SAC,3.23,23.135864
A_timeseries,SAC,3.235,23.135841
A_timeseries,SAC,3.24,23.135627
A_timeseries,SAC,3.245,23.135395
A_timeseries,SAC,3.25,23.13531
A_timeseries,SAC,3.255,23.135485
A_timeseries,SAC,3.26,23.135944
A_timeseries,SAC,3.265,23.136611
A_timeseries,SAC,3.27,23.137427
A_timeseries,SAC,3.275,23.138319
A_timeseries,SAC,3.28,23.138885
A_timeseries,SAC,3.285,23.139078
A_timeseries,SAC,3.29,23.138929
A_timeseries,SAC,3.295,23.13856
A_timeseries,SAC,3.3,23.138146
A_timeseries,SAC,3.305,23.137853
A_timeseries,SAC,3.31,23.137791
A_timeseries,SAC,3.315,23.137973
A_timeseries,SAC,3.32,23.138312
A_timeseries,SAC,3.325,23.138653
A_timeseries,SAC,3.33,23.138818
A_timeseries,SAC,3.335,23.138671
A_timeseries,SAC,3.34,23.138155
A_timeseries,SAC,3.345,23.13732
A_timeseries,SAC,3.35,23.136363
A_timeseries,SAC,3.355,23.135586
A_timeseries,SAC,3.36,23.134956
A_timeseries,SAC,3.365,23.134571
A_timeseries,SAC,3.37,23.134426
A_timeseries,SAC,3.375,23.134414
A_timeseries,SAC,3.38,23.134164
A_timeseries,SAC,3.385,23.133592
A_timeseries,SAC,3.39,23.132648
A_timeseries,SAC,3.395,23.131317
A_timeseries,SAC,3.4,23.129676
A_timeseries,SAC,3.405,23.127884
A_timeseries,SAC,3.41,23.126119
A_timeseries,SAC,3.415,23.124527
A_timeseries,SAC,3.42,23.12316
A_timeseries,SAC,3.425,23.121968
A_timeseries,SAC,3.43,23.120814
A_timeseries,SAC,3.435,23.119517
A_timeseries,SAC,3.44,23.117919
A_timeseries,SAC,3.445,23.116237
A_timeseries,SAC,3.45,23.114383
A_timeseries,SAC,3.455,23.112321
A_timeseries,SAC,3.46,23.110215
A_timeseries,SAC,3.465,23.10823
A_timeseries,SAC,3.47,23.10647
A_timeseries,SAC,3.475,23.104938
A_timeseries,SAC,3.48,23.103541
A_timeseries,SAC,3.485,23.102119
A_timeseries,SAC,3.49,23.100497
A_timeseries,SAC,3.495,23.098556
A_timeseries,SAC,3.5,23.096264
A_timeseries,SAC,3.505,23.093691
A_timeseries,SAC,3.51,23.090988
A_timeseries,SAC,3.515,23.088326
A_timeseries,SAC,3.52,23.085847
A_timeseries,SAC,3.525,23.083598
A_timeseries,SAC,3.53,23.081536
A_timeseries,SAC,3.535,23.079526
A_timeseries,SAC,3.54,23.077396
A_timeseries,SAC,3.545,23.074997
A_timeseries,SAC,3.55,23.072253
A_timeseries,SAC,3.555,23.069192
A_timeseries,SAC,3.56,23.065931
A_timeseries,SAC,3.565,23.062637
A_timeseries,SAC,3.57,23.059611
A_timeseries,SAC,3.575,23.057209
A_timeseries,SAC,3.58,23.055124
A_timeseries,SAC,3.585,23.053174
A_timeseries,SAC,3.59,23.051203
A_timeseries,SAC,3.595,23.049055
A_timeseries,SAC,3.6,23.046615
A_timeseries,SAC,3.605,23.043869
A_timeseries,SAC,3.61,23.040891
A_timeseries,SAC,3.615,23.037823
A_timeseries,SAC,3.62,23.034831
A_timeseries,SAC,3.625,23.032035
A_timeseries,SAC,3.63,23.029478
A_timeseries,SAC,3.635,23.027107
A_timeseries,SAC,3.64,23.024793
A_timeseries,SAC,3.645,23.022372
A_timeseries,SAC,3.65,23.019709
A_timeseries,SAC,3.655,23.016741
A_timeseries,SAC,3.66,23.013502
A_timeseries,SAC,3.665,23.010109
A_timeseries,SAC,3.67,23.00643
A_timeseries,SAC,3.675,23.001649
A_timeseries,SAC,3.68,22.996905
A_timeseries,SAC,3.685,22.992344
A_timeseries,SAC,3.69,22.987858
A_timeseries,SAC,3.695,22.983289
A_timeseries,SAC,3.7,22.978484
A_timeseries,SAC,3.705,22.973345
A_timeseries,SAC,3.71,22.967872
A_timeseries,SAC,3.715,22.962165
A_timeseries,SAC,3.72,22.95637
A_timeseries,SAC,3.725,22.950654
A_timeseries,SAC,3.73,22.945114
A_timeseries,SAC,3.735,22.939763
A_timeseries,SAC,3.74,22.934524
A_timeseries,SAC,3.745,22.929245
A_timeseries,SAC,3.75,22.923772
A_timeseries,SAC,3.755,22.917992
A_timeseries,SAC,3.76,22.911877
A_timeseries,SAC,3.765,22.905497
A_timeseries,SAC,3.77,22.899
A_timeseries,SAC,3.775,22.892541
A_timeseries,SAC,3.78,22.886247
A_timeseries,SAC,3.785,22.880147
A_timeseries,SAC,3.79,22.874338
A_timeseries,SAC,3.795,22.868856
A_timeseries,SAC,3.8,22.863218
A_timeseries,SAC,3.805,22.857293
A_timeseries,SAC,3.81,22.851051
A_timeseries,SAC,3.815,22.84454
A_timeseries,SAC,3.82,22.83789
A_timeseries,SAC,3.825,22.831258
A_timeseries,SAC,3.83,22.82478
A_timeseries,SAC,3.835,22.818506
A_timeseries,SAC,3.84,22.812392
A_timeseries,SAC,3.845,22.806322
A_timeseries,SAC,3.85,22.80013
A_timeseries,SAC,3.855,22.793688
A_timeseries,SAC,3.86,22.786933
A_timeseries,SAC,3.865,22.779904
A_timeseries,SAC,3.87,22.772716
A_timeseries,SAC,3.875,22.765534
A_timeseries,SAC,3.88,22.758486
A_timeseries,SAC,3.885,22.751645
A_timeseries,SAC,3.89,22.744979
A_timeseries,SAC,3.895,22.738378
A_timeseries,SAC,3.9,22.731683
A_timeseries,SAC,3.905,22.72476
A_timeseries,SAC,3.91,22.717537
A_timeseries,SAC,3.915,22.710037
A_timeseries,SAC,3.92,22.702376
A_timeseries,SAC,3.925,22.694701
A_timeseries,SAC,3.93,22.687161
A_timeseries,SAC,3.935,22.679827
A_timeseries,SAC,3.94,22.672677
A_timeseries,SAC,3.945,22.665606
A_timeseries,SAC,3.95,22.65847
A_timeseries,SAC,3.955,22.651118
A_timeseries,SAC,3.96,22.643486
A_timeseries,SAC,3.965,22.635585
A_timeseries,SAC,3.97,22.627515
A_timeseries,SAC,3.975,22.619437
A_timeseries,SAC,3.98,22.61148
A_timeseries,SAC,3.985,22.603738
A_timeseries,SAC,3.99,22.59619
A_timeseries,SAC,3.995,22.588739
A_timeseries,SAC,4.0,22.5815
A_timeseries,SAC,4.005,22.57557
A_timeseries,SAC,4.01,22.569404
A_timeseries,SAC,4.015,22.562998
A_timeseries,SAC,4.02,22.55644
A_timeseries,SAC,4.025,22.549886
A_timeseries,SAC,4.03,22.543475
A_timeseries,SAC,4.035,22.536738
A_timeseries,SAC,4.04,22.529389
A_timeseries,SAC,4.045,22.522054
A_timeseries,SAC,4.05,22.516005
A_timeseries,SAC,4.055,22.509913
A_timeseries,SAC,4.06,22.503559
A_timeseries,SAC,4.065,22.496961
A_timeseries,SAC,4.07,22.490218
A_timeseries,SAC,4.075,22.483478
A_timeseries,SAC,4.08,22.477862
A_timeseries,SAC,4.085,22.472664
A_timeseries,SAC,4.09,22.46765
A_timeseries,SAC,4.095,22.462772
A_timeseries,SAC,4.1,22.457876
A_timeseries,SAC,4.105,22.452825
A_timeseries,SAC,4.11,22.447539
A_timeseries,SAC,4.115,22.442027
A_timeseries,SAC,4.12,22.438017
A_timeseries,SAC,4.125,22.434778
A_timeseries,SAC,4.13,22.431607
A_timeseries,SAC,4.135,22.428702
A_timeseries,SAC,4.14,22.426047
A_timeseries,SAC,4.145,22.423536
A_timeseries,SAC,4.15,22.420979
A_timeseries,SAC,4.155,22.418269
A_timeseries,SAC,4.16,22.415348
A_timeseries,SAC,4.165,22.412237
A_timeseries,SAC,4.17,22.409038
A_timeseries,SAC,4.175,22.405898
A_timeseries,SAC,4.18,22.402954
A_timeseries,SAC,4.185,22.400271
A_timeseries,SAC,4.19,22.397831
A_timeseries,SAC,4.195,22.39552
A_timeseries,SAC,4.2,22.393199
A_timeseries,SAC,4.205,22.390734
A_timeseries,SAC,4.21,22.388057
A_timeseries,SAC,4.215,22.385206
A_timeseries,SAC,4.22,22.382284
A_timeseries,SAC,4.225,22.379445
A_timeseries,SAC,4.23,22.37681
A_timeseries,SAC,4.235,22.374444
A_timeseries,SAC,4.24,22.372313
A_timeseries,SAC,4.245,22.370291
A_timeseries,SAC,4.25,22.368246
A_timeseries,SAC,4.255,22.366049
A_timeseries,SAC,4.26,22.363646
A_timeseries,SAC,4.265,22.361071
A_timeseries,SAC,4.27,22.358463
A_timeseries,SAC,4.275,22.355954
A_timeseries,SAC,4.28,22.35367
A_timeseries,SAC,4.285,22.351657
A_timeseries,SAC,4.29,22.349861
A_timeseries,SAC,4.295,22.348155
A_timeseries,SAC,4.3,22.346409
A_timeseries,SAC,4.305,22.344491
A_timeseries,SAC,4.31,22.342381
A_timeseries,SAC,4.315,22.340127
A_timeseries,SAC,4.32,22.337855
A_timeseries,SAC,4.325,22.335716
A_timeseries,SAC,4.33,22.333812
A_timeseries,SAC,4.335,22.332181
A_timeseries,SAC,4.34,22.33113
A_timeseries,SAC,4.345,22.331593
A_timeseries,SAC,4.35,22.331744
A_timeseries,SAC,4.355,22.331761
A_timeseries,SAC,4.36,22.331616
A_timeseries,SAC,4.365,22.331386
A_timeseries,SAC,4.37,22.331209
A_timeseries,SAC,4.375,22.33121
A_timeseries,SAC,4.38,22.331504
A_timeseries,SAC,4.385,22.332087
A_timeseries,SAC,4.39,22.332877
A_timeseries,SAC,4.395,22.333733
A_timeseries,SAC,4.4,22.334508
A_timeseries,SAC,4.405,22.33513
A_timeseries,SAC,4.41,22.335608
A_timeseries,SAC,4.415,22.336028
A_timeseries,SAC,4.42,22.336528
A_timeseries,SAC,4.425,22.337258
A_timeseries,SAC,4.43,22.338277
A_timeseries,SAC,4.435,22.339565
A_timeseries,SAC,4.44,22.341031
A_timeseries,SAC,4.445,22.342514
A_timeseries,SAC,4.45,22.343895
A_timeseries,SAC,4.455,22.345113
A_timeseries,SAC,4.46,22.346204
A_timeseries,SAC,4.465,22.347264
A_timeseries,SAC,4.47,22.34846
A_timeseries,SAC,4.475,22.349901
A_timeseries,SAC,4.48,22.351634
A_timeseries,SAC,4.485,22.353609
A_timeseries,SAC,4.49,22.355716
A_timeseries,SAC,4.495,22.357798
A_timeseries,SCA+GSS,0.0,24.658616
A_timeseries,SCA+GSS,0.005,11.10808
A_timeseries,SCA+GSS,0.01,9.088199
A_timeseries,SCA+GSS,0.015,7.885832
A_timeseries,SCA+GSS,0.02,7.01039
A_timeseries,SCA+GSS,0.025,6.307661
A_timeseries,SCA+GSS,0.03,5.708455
A_timeseries,SCA+GSS,0.035,5.175332
A_timeseries,SCA+GSS,0.04,4.685392
A_timeseries,SCA+GSS,0.045,4.223311
A_timeseries,SCA+GSS,0.05,3.778126
A_timeseries,SCA+GSS,0.055,3.341652
A_timeseries,SCA+GSS,0.06,2.907786
A_timeseries,SCA+GSS,0.065,2.472465
A_timeseries,SCA+GSS,0.07,2.034312
A_timeseries,SCA+GSS,0.075,1.596211
A_timeseries,SCA+GSS,0.08,1.168076
A_timeseries,SCA+GSS,0.085,0.770451
A_timeseries,SCA+GSS,0.09,0.436247
A_timeseries,SCA+GSS,0.095,0.204235
A_timeseries,SCA+GSS,0.1,0.100179
A_timeseries,SCA+GSS,0.105,0.118048
A_timeseries,SCA+GSS,0.11,0.222689
A_timeseries,SCA+GSS,0.115,0.370608
A_timeseries,SCA+GSS,0.12,0.526614
A_timeseries,SCA+GSS,0.125,0.668049
A_timeseries,SCA+GSS,0.13,0.782264
A_timeseries,SCA+GSS,0.135,0.863061
A_timeseries,SCA+GSS,0.14,24.621693
A_timeseries,SCA+GSS,0.145,10.455065
A_timeseries,SCA+GSS,0.15,8.434806
A_timeseries,SCA+GSS,0.155,7.231863
A_timeseries,SCA+GSS,0.16,6.355658
A_timeseries,SCA+GSS,0.165,5.652031
A_timeseries,SCA+GSS,0.17,5.051882
A_timeseries,SCA+GSS,0.175,4.517921
A_timeseries,SCA+GSS,0.18,4.027495
A_timeseries,SCA+GSS,0.185,3.565683
A_timeseries,SCA+GSS,0.19,3.122174
A_timeseries,SCA+GSS,0.195,2.68984
A_timeseries,SCA+GSS,0.2,2.264284
A_timeseries,SCA+GSS,0.205,1.84413
A_timeseries,SCA+GSS,0.21,1.432078
A_timeseries,SCA+GSS,0.215,1.036669
A_timeseries,SCA+GSS,0.22,0.674211
A_timeseries,SCA+GSS,0.225,0.368958
A_timeseries,SCA+GSS,0.23,0.148083
A_timeseries,SCA+GSS,0.235,0.029998
A_timeseries,SCA+GSS,0.24,0.012725
A_timeseries,SCA+GSS,0.245,0.07356
A_timeseries,SCA+GSS,0.25,0.180385
A_timeseries,SCA+GSS,0.255,0.303624
A_timeseries,SCA+GSS,0.26,0.421632
A_timeseries,SCA+GSS,0.265,0.520701
A_timeseries,SCA+GSS,0.27,0.593126
A_timeseries,SCA+GSS,0.275,0.635296
A_timeseries,SCA+GSS,0.28,24.7148
A_timeseries,SCA+GSS,0.285,10.911778
A_timeseries,SCA+GSS,0.29,8.889341
A_timeseries,SCA+GSS,0.295,7.682635
A_timeseries,SCA+GSS,0.3,6.800941
A_timeseries,SCA+GSS,0.305,6.089874
A_timeseries,SCA+GSS,0.31,5.480017
A_timeseries,SCA+GSS,0.315,4.933654
A_timeseries,SCA+GSS,0.32,4.427559
A_timeseries,SCA+GSS,0.325,3.946067
A_timeseries,SCA+GSS,0.33,3.477913
A_timeseries,SCA+GSS,0.335,3.014799
A_timeseries,SCA+GSS,0.34,2.551009
A_timeseries,SCA+GSS,0.345,2.083996
A_timeseries,SCA+GSS,0.35,1.616227
A_timeseries,SCA+GSS,0.355,1.158723
A_timeseries,SCA+GSS,0.36,0.735932
A_timeseries,SCA+GSS,0.365,0.388118
A_timeseries,SCA+GSS,0.37,0.161679
A_timeseries,SCA+GSS,0.375,0.082427
A_timeseries,SCA+GSS,0.38,0.133685
A_timeseries,SCA+GSS,0.385,0.267342
A_timeseries,SCA+GSS,0.39,0.432947
A_timeseries,SCA+GSS,0.395,0.594351
A_timeseries,SCA+GSS,0.4,0.730561
A_timeseries,SCA+GSS,0.405,0.831048
A_timeseries,SCA+GSS,0.41,0.891488
A_timeseries,SCA+GSS,0.415,0.911143
A_timeseries,SCA+GSS,0.42,24.811222
A_timeseries,SCA+GSS,0.425,11.297818
A_timeseries,SCA+GSS,0.43,9.273409
A_timeseries,SCA+GSS,0.435,8.063288
A_timeseries,SCA+GSS,0.44,7.176604
A_timeseries,SCA+GSS,0.445,6.458757
A_timeseries,SCA+GSS,0.45,5.840026
A_timeseries,SCA+GSS,0.455,5.282278
A_timeseries,SCA+GSS,0.46,4.761726
A_timeseries,SCA+GSS,0.465,4.261958
A_timeseries,SCA+GSS,0.47,3.770732
A_timeseries,SCA+GSS,0.475,3.278518
A_timeseries,SCA+GSS,0.48,2.778177
A_timeseries,SCA+GSS,0.485,2.265881
A_timeseries,SCA+GSS,0.49,1.744043
A_timeseries,SCA+GSS,0.495,1.227559
A_timeseries,SCA+GSS,0.5,0.753575
A_timeseries,SCA+GSS,0.505,0.386752
A_timeseries,SCA+GSS,0.51,0.196429
A_timeseries,SCA+GSS,0.515,0.200967
A_timeseries,SCA+GSS,0.52,0.346255
A_timeseries,SCA+GSS,0.525,0.552873
A_timeseries,SCA+GSS,0.53,0.761348
A_timeseries,SCA+GSS,0.535,0.939319
A_timeseries,SCA+GSS,0.54,1.072308
A_timeseries,SCA+GSS,0.545,1.15521
A_timeseries,SCA+GSS,0.55,1.187534
A_timeseries,SCA+GSS,0.555,1.17119
A_timeseries,SCA+GSS,0.56,24.833628
A_timeseries,SCA+GSS,0.565,11.196531
A_timeseries,SCA+GSS,0.57,9.17061
A_timeseries,SCA+GSS,0.575,7.95791
A_timeseries,SCA+GSS,0.58,7.06748
A_timeseries,SCA+GSS,0.585,6.344586
A_timeseries,SCA+GSS,0.59,5.719328
A_timeseries,SCA+GSS,0.595,5.153339
A_timeseries,SCA+GSS,0.6,4.622547
A_timeseries,SCA+GSS,0.605,4.110215
A_timeseries,SCA+GSS,0.61,3.603785
A_timeseries,SCA+GSS,0.615,3.093552
A_timeseries,SCA+GSS,0.62,2.572688
A_timeseries,SCA+GSS,0.625,2.038986
A_timeseries,SCA+GSS,0.63,1.499545
A_timeseries,SCA+GSS,0.635,0.979965
A_timeseries,SCA+GSS,0.64,0.535551
A_timeseries,SCA+GSS,0.645,0.245869
A_timeseries,SCA+GSS,0.65,0.164908
A_timeseries,SCA+GSS,0.655,0.265596
A_timeseries,SCA+GSS,0.66,0.464191
A_timeseries,SCA+GSS,0.665,0.684159
A_timeseries,SCA+GSS,0.67,0.880384
A_timeseries,SCA+GSS,0.675,1.031933
A_timeseries,SCA+GSS,0.68,1.130967
A_timeseries,SCA+GSS,0.685,1.175989
A_timeseries,SCA+GSS,0.69,1.16864
A_timeseries,SCA+GSS,0.695,1.112419
A_timeseries,SCA+GSS,0.7,24.878142
A_timeseries,SCA+GSS,0.705,12.234568
A_timeseries,SCA+GSS,0.71,10.206069
A_timeseries,SCA+GSS,0.715,8.988773
A_timeseries,SCA+GSS,0.72,8.091533
A_timeseries,SCA+GSS,0.725,7.359222
A_timeseries,SCA+GSS,0.73,6.721356
A_timeseries,SCA+GSS,0.735,6.138716
A_timeseries,SCA+GSS,0.74,5.585988
A_timeseries,SCA+GSS,0.745,5.044611
A_timeseries,SCA+GSS,0.75,4.49931
A_timeseries,SCA+GSS,0.755,3.936303
A_timeseries,SCA+GSS,0.76,3.342685
A_timeseries,SCA+GSS,0.765,2.707707
A_timeseries,SCA+GSS,0.77,2.029013
A_timeseries,SCA+GSS,0.775,1.332395
A_timeseries,SCA+GSS,0.78,0.716597
A_timeseries,SCA+GSS,0.785,0.376647
A_timeseries,SCA+GSS,0.79,0.431479
A_timeseries,SCA+GSS,0.795,0.741653
A_timeseries,SCA+GSS,0.8,1.107142
A_timeseries,SCA+GSS,0.805,1.426568
A_timeseries,SCA+GSS,0.81,1.668604
A_timeseries,SCA+GSS,0.815,1.828474
A_timeseries,SCA+GSS,0.82,1.909201
A_timeseries,SCA+GSS,0.825,1.915513
A_timeseries,SCA+GSS,0.83,1.852197
A_timeseries,SCA+GSS,0.835,1.723965
A_timeseries,SCA+GSS,0.84,24.95759
A_timeseries,SCA+GSS,0.845,12.192956
A_timeseries,SCA+GSS,0.85,10.162702
A_timeseries,SCA+GSS,0.855,8.942398
A_timeseries,SCA+GSS,0.86,8.040748
A_timeseries,SCA+GSS,0.865,7.302418
A_timeseries,SCA+GSS,0.87,6.656626
A_timeseries,SCA+GSS,0.875,6.063746
A_timeseries,SCA+GSS,0.88,5.497913
A_timeseries,SCA+GSS,0.885,4.939831
A_timeseries,SCA+GSS,0.89,4.373287
A_timeseries,SCA+GSS,0.895,3.783419
A_timeseries,SCA+GSS,0.9,3.156482
A_timeseries,SCA+GSS,0.905,2.482668
A_timeseries,SCA+GSS,0.91,1.767579
A_timeseries,SCA+GSS,0.915,1.066103
A_timeseries,SCA+GSS,0.92,0.539728
A_timeseries,SCA+GSS,0.925,0.400649
A_timeseries,SCA+GSS,0.93,0.631099
A_timeseries,SCA+GSS,0.935,1.004481
A_timeseries,SCA+GSS,0.94,1.360323
A_timeseries,SCA+GSS,0.945,1.641038
A_timeseries,SCA+GSS,0.95,1.834413
A_timeseries,SCA+GSS,0.955,1.942158
A_timeseries,SCA+GSS,0.96,1.969263
A_timeseries,SCA+GSS,0.965,1.921051
A_timeseries,SCA+GSS,0.97,1.802696
A_timeseries,SCA+GSS,0.975,1.619712
A_timeseries,SCA+GSS,0.98,24.946591
A_timeseries,SCA+GSS,0.985,12.062431
A_timeseries,SCA+GSS,0.99,10.030334
A_timeseries,SCA+GSS,0.995,8.806861
A_timeseries,SCA+GSS,1.0,7.900555
A_timeseries,SCA+GSS,1.005,7.155844
A_timeseries,SCA+GSS,1.01,6.50161
A_timeseries,SCA+GSS,1.015,5.89776
A_timeseries,SCA+GSS,1.02,5.317793
A_timeseries,SCA+GSS,1.025,4.741565
A_timeseries,SCA+GSS,1.03,4.151785
A_timeseries,SCA+GSS,1.035,3.532411
A_timeseries,SCA+GSS,1.04,2.86911
A_timeseries,SCA+GSS,1.045,2.154784
A_timeseries,SCA+GSS,1.05,1.4101
A_timeseries,SCA+GSS,1.055,0.737499
A_timeseries,SCA+GSS,1.06,0.364779
A_timeseries,SCA+GSS,1.065,0.43909
A_timeseries,SCA+GSS,1.07,0.786323
A_timeseries,SCA+GSS,1.075,1.174583
A_timeseries,SCA+GSS,1.08,1.499198
A_timeseries,SCA+GSS,1.085,1.732868
A_timeseries,SCA+GSS,1.09,1.87403
A_timeseries,SCA+GSS,1.095,1.927605
A_timeseries,SCA+GSS,1.1,1.899487
A_timeseries,SCA+GSS,1.105,1.795395
A_timeseries,SCA+GSS,1.11,1.621186
A_timeseries,SCA+GSS,1.115,1.38413
A_timeseries,SCA+GSS,1.12,25.000004
A_timeseries,SCA+GSS,1.125,11.998
A_timeseries,SCA+GSS,1.13,9.963971
A_timeseries,SCA+GSS,1.135,8.73717
A_timeseries,SCA+GSS,1.14,7.825956
A_timeseries,SCA+GSS,1.145,7.074493
A_timeseries,SCA+GSS,1.15,6.411281
A_timeseries,SCA+GSS,1.155,5.795694
A_timeseries,SCA+GSS,1.16,5.200498
A_timeseries,SCA+GSS,1.165,4.60457
A_timeseries,SCA+GSS,1.17,3.989394
A_timeseries,SCA+GSS,1.175,3.337695
A_timeseries,SCA+GSS,1.18,2.635117
A_timeseries,SCA+GSS,1.185,1.880482
A_timeseries,SCA+GSS,1.19,1.121335
A_timeseries,SCA+GSS,1.195,0.528947
A_timeseries,SCA+GSS,1.2,0.362979
A_timeseries,SCA+GSS,1.205,0.61718
A_timeseries,SCA+GSS,1.21,1.020697
A_timeseries,SCA+GSS,1.215,1.391996
A_timeseries,SCA+GSS,1.22,1.67321
A_timeseries,SCA+GSS,1.225,1.855174
A_timeseries,SCA+GSS,1.23,1.941851
A_timeseries,SCA+GSS,1.235,1.939662
A_timeseries,SCA+GSS,1.24,1.854976
A_timeseries,SCA+GSS,1.245,1.694075
A_timeseries,SCA+GSS,1.25,1.464299
A_timeseries,SCA+GSS,1.255,1.176629
A_timeseries,SCA+GSS,1.26,25.053472
A_timeseries,SCA+GSS,1.265,11.935461
A_timeseries,SCA+GSS,1.27,9.899414
A_timeseries,SCA+GSS,1.275,8.669124
A_timeseries,SCA+GSS,1.28,7.752749
A_timeseries,SCA+GSS,1.285,6.994154
A_timeseries,SCA+GSS,1.29,6.32141
A_timeseries,SCA+GSS,1.295,5.693281
A_timeseries,SCA+GSS,1.3,5.081696
A_timeseries,SCA+GSS,1.305,4.464403
A_timeseries,SCA+GSS,1.31,3.821507
A_timeseries,SCA+GSS,1.315,3.134538
A_timeseries,SCA+GSS,1.32,2.390234
A_timeseries,SCA+GSS,1.325,1.598964
A_timeseries,SCA+GSS,1.33,0.85317
A_timeseries,SCA+GSS,1.335,0.404858
A_timeseries,SCA+GSS,1.34,0.461748
A_timeseries,SCA+GSS,1.345,0.835433
A_timeseries,SCA+GSS,1.35,1.248876
A_timeseries,SCA+GSS,1.355,1.584397
A_timeseries,SCA+GSS,1.36,1.815517
A_timeseries,SCA+GSS,1.365,1.943032
A_timeseries,SCA+GSS,1.37,1.973595
A_timeseries,SCA+GSS,1.375,1.914329
A_timeseries,SCA+GSS,1.38,1.772074
A_timeseries,SCA+GSS,1.385,1.554289
A_timeseries,SCA+GSS,1.39,1.271446
A_timeseries,SCA+GSS,1.395,0.941922
A_timeseries,SCA+GSS,1.4,25.081343
A_timeseries,SCA+GSS,1.405,11.849322
A_timeseries,SCA+GSS,1.41,9.811171
A_timeseries,SCA+GSS,1.415,8.577232
A_timeseries,SCA+GSS,1.42,7.655443
A_timeseries,SCA+GSS,1.425,6.889333
A_timeseries,SCA+GSS,1.43,6.206489
A_timeseries,SCA+GSS,1.435,5.564983
A_timeseries,SCA+GSS,1.44,4.935779
A_timeseries,SCA+GSS,1.445,4.295342
A_timeseries,SCA+GSS,1.45,3.622249
A_timeseries,SCA+GSS,1.455,2.897036
A_timeseries,SCA+GSS,1.46,2.109593
A_timeseries,SCA+GSS,1.465,1.291289
A_timeseries,SCA+GSS,1.47,0.602991
A_timeseries,SCA+GSS,1.475,0.357232
A_timeseries,SCA+GSS,1.48,0.607501
A_timeseries,SCA+GSS,1.485,1.039678
A_timeseries,SCA+GSS,1.49,1.433027
A_timeseries,SCA+GSS,1.495,1.722284
A_timeseries,SCA+GSS,1.5,1.899601
A_timeseries,SCA+GSS,1.505,1.970899
A_timeseries,SCA+GSS,1.51,1.944078
A_timeseries,SCA+GSS,1.515,1.826713
A_timeseries,SCA+GSS,1.52,1.626521
A_timeseries,SCA+GSS,1.525,1.353449
A_timeseries,SCA+GSS,1.53,1.024249
A_timeseries,SCA+GSS,1.535,0.670893
A_timeseries,SCA+GSS,1.54,25.103668
A_timeseries,SCA+GSS,1.545,11.759799
A_timeseries,SCA+GSS,1.55,9.719459
A_timeseries,SCA+GSS,1.555,8.481716
A_timeseries,SCA+GSS,1.56,7.554261
A_timeseries,SCA+GSS,1.565,6.780252
A_timeseries,SCA+GSS,1.57,6.086728
A_timeseries,SCA+GSS,1.575,5.430977
A_timeseries,SCA+GSS,1.58,4.782868
A_timeseries,SCA+GSS,1.585,4.117399
A_timeseries,SCA+GSS,1.59,3.411501
A_timeseries,SCA+GSS,1.595,2.6452
A_timeseries,SCA+GSS,1.6,1.815166
A_timeseries,SCA+GSS,1.605,0.988761
A_timeseries,SCA+GSS,1.61,0.417194
A_timeseries,SCA+GSS,1.615,0.402288
A_timeseries,SCA+GSS,1.62,0.787303
A_timeseries,SCA+GSS,1.625,1.231228
A_timeseries,SCA+GSS,1.63,1.586871
A_timeseries,SCA+GSS,1.635,1.824181
A_timeseries,SCA+GSS,1.64,1.945549
A_timeseries,SCA+GSS,1.645,1.95938
A_timeseries,SCA+GSS,1.65,1.874182
A_timeseries,SCA+GSS,1.655,1.698157
A_timeseries,SCA+GSS,1.66,1.440861
A_timeseries,SCA+GSS,1.665,1.117261
A_timeseries,SCA+GSS,1.67,0.755848
A_timeseries,SCA+GSS,1.675,0.410515
A_timeseries,SCA+GSS,1.68,25.129363
A_timeseries,SCA+GSS,1.685,11.675977
A_timeseries,SCA+GSS,1.69,9.633369
A_timeseries,SCA+GSS,1.695,8.391671
A_timeseries,SCA+GSS,1.7,7.458304
A_timeseries,SCA+GSS,1.705,6.676012
A_timeseries,SCA+GSS,1.71,5.971222
A_timeseries,SCA+GSS,1.715,5.300338
A_timeseries,SCA+GSS,1.72,4.631976
A_timeseries,SCA+GSS,1.725,3.939486
A_timeseries,SCA+GSS,1.73,3.198086
A_timeseries,SCA+GSS,1.735,2.388261
A_timeseries,SCA+GSS,1.74,1.519584
A_timeseries,SCA+GSS,1.745,0.7171
A_timeseries,SCA+GSS,1.75,0.325313
A_timeseries,SCA+GSS,1.755,0.525699
A_timeseries,SCA+GSS,1.76,0.983091
A_timeseries,SCA+GSS,1.765,1.40828
A_timeseries,SCA+GSS,1.77,1.716477
A_timeseries,SCA+GSS,1.775,1.898776
A_timeseries,SCA+GSS,1.78,1.962869
A_timeseries,SCA+GSS,1.785,1.918308
A_timeseries,SCA+GSS,1.79,1.774089
A_timeseries,SCA+GSS,1.795,1.539666
A_timeseries,SCA+GSS,1.8,1.228335
A_timeseries,SCA+GSS,1.805,0.864576
A_timeseries,SCA+GSS,1.81,0.49668
A_timeseries,SCA+GSS,1.815,0.206286
A_timeseries,SCA+GSS,1.82,25.15772
A_timeseries,SCA+GSS,1.825,11.597324
A_timeseries,SCA+GSS,1.83,9.552372
A_timeseries,SCA+GSS,1.835,8.306575
A_timeseries,SCA+GSS,1.84,7.367058
A_timeseries,SCA+GSS,1.845,6.576109
A_timeseries,SCA+GSS,1.85,5.859468
A_timeseries,SCA+GSS,1.855,5.172541
A_timeseries,SCA+GSS,1.86,4.482533
A_timeseries,SCA+GSS,1.865,3.760946
A_timeseries,SCA+GSS,1.87,2.981328
A_timeseries,SCA+GSS,1.875,2.126372
A_timeseries,SCA+GSS,1.88,1.228506
A_timeseries,SCA+GSS,1.885,0.497081
A_timeseries,SCA+GSS,1.89,0.331116
A_timeseries,SCA+GSS,1.895,0.69637
A_timeseries,SCA+GSS,1.9,1.176248
A_timeseries,SCA+GSS,1.905,1.564687
A_timeseries,SCA+GSS,1.91,1.82026
A_timeseries,SCA+GSS,1.915,1.945886
A_timeseries,SCA+GSS,1.92,1.951841
A_timeseries,SCA+GSS,1.925,1.84826
A_timeseries,SCA+GSS,1.93,1.644928
A_timeseries,SCA+GSS,1.935,1.35386
A_timeseries,SCA+GSS,1.94,0.995523
A_timeseries,SCA+GSS,1.945,0.611016
A_timeseries,SCA+GSS,1.95,0.276747
A_timeseries,SCA+GSS,1.955,0.093591
A_timeseries,SCA+GSS,1.96,25.187304
A_timeseries,SCA+GSS,1.965,11.522581
A_timeseries,SCA+GSS,1.97,9.475216
A_timeseries,SCA+GSS,1.975,8.225186
A_timeseries,SCA+GSS,1.98,7.279294
A_timeseries,SCA+GSS,1.985,6.479323
A_timeseries,SCA+GSS,1.99,5.750251
A_timeseries,SCA+GSS,1.995,5.046365
A_timeseries,SCA+GSS,2.0,4.333279
A_timeseries,SCA+GSS,2.005,3.580459
A_timeseries,SCA+GSS,2.01,2.759994
A_timeseries,SCA+GSS,2.015,1.859784
A_timeseries,SCA+GSS,2.02,0.950406
A_timeseries,SCA+GSS,2.025,0.348835
A_timeseries,SCA+GSS,2.03,0.418726
A_timeseries,SCA+GSS,2.035,0.886356
A_timeseries,SCA+GSS,2.04,1.355004
A_timeseries,SCA+GSS,2.045,1.696724
A_timeseries,SCA+GSS,2.05,1.897026
A_timeseries,SCA+GSS,2.055,1.965078
A_timeseries,SCA+GSS,2.06,1.912356
A_timeseries,SCA+GSS,2.065,1.749514
A_timeseries,SCA+GSS,2.07,1.487923
A_timeseries,SCA+GSS,2.075,1.144569
A_timeseries,SCA+GSS,2.08,0.752767
A_timeseries,SCA+GSS,2.085,0.379312
A_timeseries,SCA+GSS,2.09,0.128986
A_timeseries,SCA+GSS,2.095,0.0879
A_timeseries,SCA+GSS,2.1,25.217108
A_timeseries,SCA+GSS,2.105,11.450923
A_timeseries,SCA+GSS,2.11,9.401084
A_timeseries,SCA+GSS,2.115,8.1467
A_timeseries,SCA+GSS,2.12,7.194223
A_timeseries,SCA+GSS,2.125,6.384883
A_timeseries,SCA+GSS,2.13,5.642815
A_timeseries,SCA+GSS,2.135,4.921058
A_timeseries,SCA+GSS,2.14,4.183439
A_timeseries,SCA+GSS,2.145,3.397219
A_timeseries,SCA+GSS,2.15,2.533529
A_timeseries,SCA+GSS,2.155,1.590376
A_timeseries,SCA+GSS,2.16,0.698192
A_timeseries,SCA+GSS,2.165,0.284955
A_timeseries,SCA+GSS,2.17,0.561528
A_timeseries,SCA+GSS,2.175,1.076175
A_timeseries,SCA+GSS,2.18,1.513109
A_timeseries,SCA+GSS,2.185,1.802906
A_timeseries,SCA+GSS,2.19,1.946676
A_timeseries,SCA+GSS,2.195,1.956708
A_timeseries,SCA+GSS,2.2,1.845084
A_timeseries,SCA+GSS,2.205,1.623334
A_timeseries,SCA+GSS,2.21,1.305944
A_timeseries,SCA+GSS,2.215,0.918971
A_timeseries,SCA+GSS,2.22,0.5168
A_timeseries,SCA+GSS,2.225,0.198445
A_timeseries,SCA+GSS,2.23,0.076399
A_timeseries,SCA+GSS,2.235,0.174674
A_timeseries,SCA+GSS,2.24,25.244475
A_timeseries,SCA+GSS,2.245,11.379875
A_timeseries,SCA+GSS,2.25,9.327508
A_timeseries,SCA+GSS,2.255,8.068663
A_timeseries,SCA+GSS,2.26,7.109413
A_timeseries,SCA+GSS,2.265,6.290382
A_timeseries,SCA+GSS,2.27,5.534779
A_timeseries,SCA+GSS,2.275,4.794251
A_timeseries,SCA+GSS,2.28,4.030645
A_timeseries,SCA+GSS,2.285,3.208877
A_timeseries,SCA+GSS,2.29,2.30006
A_timeseries,SCA+GSS,2.295,1.320023
A_timeseries,SCA+GSS,2.3,0.486164
A_timeseries,SCA+GSS,2.305,0.301685
A_timeseries,SCA+GSS,2.31,0.73082
A_timeseries,SCA+GSS,2.315,1.252073
A_timeseries,SCA+GSS,2.32,1.645752
A_timeseries,SCA+GSS,2.325,1.881129
A_timeseries,SCA+GSS,2.33,1.967889
A_timeseries,SCA+GSS,2.335,1.919796
A_timeseries,SCA+GSS,2.34,1.74944
A_timeseries,SCA+GSS,2.345,1.470076
A_timeseries,SCA+GSS,2.35,1.10197
A_timeseries,SCA+GSS,2.355,0.686621
A_timeseries,SCA+GSS,2.36,0.308634
A_timeseries,SCA+GSS,2.365,0.092997
A_timeseries,SCA+GSS,2.37,0.115987
A_timeseries,SCA+GSS,2.375,0.316742
A_timeseries,SCA+GSS,2.38,25.265699
A_timeseries,SCA+GSS,2.385,11.30592
A_timeseries,SCA+GSS,2.39,9.250983
A_timeseries,SCA+GSS,2.395,7.987588
A_timeseries,SCA+GSS,2.4,7.021401
A_timeseries,SCA+GSS,2.405,6.192389
A_timeseries,SCA+GSS,2.41,5.422744
A_timeseries,SCA+GSS,2.415,4.662581
A_timeseries,SCA+GSS,2.42,3.871555
A_timeseries,SCA+GSS,2.425,3.012171
A_timeseries,SCA+GSS,2.43,2.057124
A_timeseries,SCA+GSS,2.435,1.051641
A_timeseries,SCA+GSS,2.44,0.327267
A_timeseries,SCA+GSS,2.445,0.380006
A_timeseries,SCA+GSS,2.45,0.902704
A_timeseries,SCA+GSS,2.455,1.404492
A_timeseries,SCA+GSS,2.46,1.74888
A_timeseries,SCA+GSS,2.465,1.928868
A_timeseries,SCA+GSS,2.47,1.958629
A_timeseries,SCA+GSS,2.475,1.852625
A_timeseries,SCA+GSS,2.48,1.624269
A_timeseries,SCA+GSS,2.485,1.290076
A_timeseries,SCA+GSS,2.49,0.880386
A_timeseries,SCA+GSS,2.495,0.460724
A_timeseries,SCA+GSS,2.5,0.150305
A_timeseries,SCA+GSS,2.505,0.070971
A_timeseries,SCA+GSS,2.51,0.21993
A_timeseries,SCA+GSS,2.515,0.473948
A_timeseries,SCA+GSS,2.52,25.284661
A_timeseries,SCA+GSS,2.525,11.233123
A_timeseries,SCA+GSS,2.53,9.175585
A_timeseries,SCA+GSS,2.535,7.907574
A_timeseries,SCA+GSS,2.54,6.934316
A_timeseries,SCA+GSS,2.545,6.095072
A_timeseries,SCA+GSS,2.55,5.310928
A_timeseries,SCA+GSS,2.555,4.530313
A_timeseries,SCA+GSS,2.56,3.710491
A_timeseries,SCA+GSS,2.565,2.811585
A_timeseries,SCA+GSS,2.57,1.810427
A_timeseries,SCA+GSS,2.575,0.798032
A_timeseries,SCA+GSS,2.58,0.236327
A_timeseries,SCA+GSS,2.585,0.50151
A_timeseries,SCA+GSS,2.59,1.067857
A_timeseries,SCA+GSS,2.595,1.534768
A_timeseries,SCA+GSS,2.6,1.827064
A_timeseries,SCA+GSS,2.605,1.951585
A_timeseries,SCA+GSS,2.61,1.924717
A_timeseries,SCA+GSS,2.615,1.761394
A_timeseries,SCA+GSS,2.62,1.476592
A_timeseries,SCA+GSS,2.625,1.092616
A_timeseries,SCA+GSS,2.63,0.656215
A_timeseries,SCA+GSS,2.635,0.265737
A_timeseries,SCA+GSS,2.64,0.064887
A_timeseries,SCA+GSS,2.645,0.125855
A_timeseries,SCA+GSS,2.65,0.358728
A_timeseries,SCA+GSS,2.655,0.623251
A_timeseries,SCA+GSS,2.66,25.311352
A_timeseries,SCA+GSS,2.665,11.171662
A_timeseries,SCA+GSS,2.67,9.111509
A_timeseries,SCA+GSS,2.675,7.838835
A_timeseries,SCA+GSS,2.68,6.858409
A_timeseries,SCA+GSS,2.685,6.008731
A_timeseries,SCA+GSS,2.69,5.209691
A_timeseries,SCA+GSS,2.695,4.407882
A_timeseries,SCA+GSS,2.7,3.557978
A_timeseries,SCA+GSS,2.705,2.617907
A_timeseries,SCA+GSS,2.71,1.572512
A_timeseries,SCA+GSS,2.715,0.58003
A_timeseries,SCA+GSS,2.72,0.223969
A_timeseries,SCA+GSS,2.725,0.654774
A_timeseries,SCA+GSS,2.73,1.22869
A_timeseries,SCA+GSS,2.735,1.652318
A_timeseries,SCA+GSS,2.74,1.891609
A_timeseries,SCA+GSS,2.745,1.961144
A_timeseries,SCA+GSS,2.75,1.878348
A_timeseries,SCA+GSS,2.755,1.65878
A_timeseries,SCA+GSS,2.76,1.320272
A_timeseries,SCA+GSS,2.765,0.894806
A_timeseries,SCA+GSS,2.77,0.453719
A_timeseries,SCA+GSS,2.775,0.131831
A_timeseries,SCA+GSS,2.78,0.066053
A_timeseries,SCA+GSS,2.785,0.241821
A_timeseries,SCA+GSS,2.79,0.513528
A_timeseries,SCA+GSS,2.795,0.758818
A_timeseries,SCA+GSS,2.8,25.334737
A_timeseries,SCA+GSS,2.805,11.110689
A_timeseries,SCA+GSS,2.81,9.047918
A_timeseries,SCA+GSS,2.815,7.770567
A_timeseries,SCA+GSS,2.82,6.782914
A_timeseries,SCA+GSS,2.825,5.922656
A_timeseries,SCA+GSS,2.83,5.108399
A_timeseries,SCA+GSS,2.835,4.284749
A_timeseries,SCA+GSS,2.84,3.403613
A_timeseries,SCA+GSS,2.845,2.421116
A_timeseries,SCA+GSS,2.85,1.335737
A_timeseries,SCA+GSS,2.855,0.397975
A_timeseries,SCA+GSS,2.86,0.269164
A_timeseries,SCA+GSS,2.865,0.81236
A_timeseries,SCA+GSS,2.87,1.370414
A_timeseries,SCA+GSS,2.875,1.746687
A_timeseries,SCA+GSS,2.88,1.933177
A_timeseries,SCA+GSS,2.885,1.948614
A_timeseries,SCA+GSS,2.89,1.810938
A_timeseries,SCA+GSS,2.895,1.536837
A_timeseries,SCA+GSS,2.9,1.149023
A_timeseries,SCA+GSS,2.905,0.694651
A_timeseries,SCA+GSS,2.91,0.278002
A_timeseries,SCA+GSS,2.915,0.061053
A_timeseries,SCA+GSS,2.92,0.129402
A_timeseries,SCA+GSS,2.925,0.379495
A_timeseries,SCA+GSS,2.93,0.654141
A_timeseries,SCA+GSS,2.935,0.862168
A_timeseries,SCA+GSS,2.94,25.350907
A_timeseries,SCA+GSS,2.945,11.046478
A_timeseries,SCA+GSS,2.95,8.981106
A_timeseries,SCA+GSS,2.955,7.699091
A_timeseries,SCA+GSS,2.96,6.7042
A_timeseries,SCA+GSS,2.965,5.833283
A_timeseries,SCA+GSS,2.97,5.003579
A_timeseries,SCA+GSS,2.975,4.157565
A_timeseries,SCA+GSS,2.98,3.244231
A_timeseries,SCA+GSS,2.985,2.218569
A_timeseries,SCA+GSS,2.99,1.100469
A_timeseries,SCA+GSS,2.995,0.257393
A_timeseries,SCA+GSS,3.0,0.351618
A_timeseries,SCA+GSS,3.005,0.959549
A_timeseries,SCA+GSS,3.01,1.487755
A_timeseries,SCA+GSS,3.015,1.815221
A_timeseries,SCA+GSS,3.02,1.949821
A_timeseries,SCA+GSS,3.025,1.912391
A_timeseries,SCA+GSS,3.03,1.721283
A_timeseries,SCA+GSS,3.035,1.39519
A_timeseries,SCA+GSS,3.04,0.964661
A_timeseries,SCA+GSS,3.045,0.498992
A_timeseries,SCA+GSS,3.05,0.140053
A_timeseries,SCA+GSS,3.055,0.050009
A_timeseries,SCA+GSS,3.06,0.228108
A_timeseries,SCA+GSS,3.065,0.512775
A_timeseries,SCA+GSS,3.07,0.766293
A_timeseries,SCA+GSS,3.075,0.9273
A_timeseries,SCA+GSS,3.08,25.37539
A_timeseries,SCA+GSS,3.085,10.99474
A_timeseries,SCA+GSS,3.09,8.9268
A_timeseries,SCA+GSS,3.095,7.640166
A_timeseries,SCA+GSS,3.1,6.638078
A_timeseries,SCA+GSS,3.105,5.756498
A_timeseries,SCA+GSS,3.11,4.911223
A_timeseries,SCA+GSS,3.115,4.042474
A_timeseries,SCA+GSS,3.12,3.096213
A_timeseries,SCA+GSS,3.125,2.027315
A_timeseries,SCA+GSS,3.13,0.887283
A_timeseries,SCA+GSS,3.135,0.178538
A_timeseries,SCA+GSS,3.14,0.469599
A_timeseries,SCA+GSS,3.145,1.105557
A_timeseries,SCA+GSS,3.15,1.596307
A_timeseries,SCA+GSS,3.155,1.875102
A_timeseries,SCA+GSS,3.16,1.959213
A_timeseries,SCA+GSS,3.165,1.870481
A_timeseries,SCA+GSS,3.17,1.627858
A_timeseries,SCA+GSS,3.175,1.253359
A_timeseries,SCA+GSS,3.18,0.789391
A_timeseries,SCA+GSS,3.185,0.33484
A_timeseries,SCA+GSS,3.19,0.064726
A_timeseries,SCA+GSS,3.195,0.102457
A_timeseries,SCA+GSS,3.2,0.354802
A_timeseries,SCA+GSS,3.205,0.643211
A_timeseries,SCA+GSS,3.21,0.861287
A_timeseries,SCA+GSS,3.215,0.970854
A_timeseries,SCA+GSS,3.22,25.389391
A_timeseries,SCA+GSS,3.225,10.936857
A_timeseries,SCA+GSS,3.23,8.866403
A_timeseries,SCA+GSS,3.235,7.575232
A_timeseries,SCA+GSS,3.24,6.566043
A_timeseries,SCA+GSS,3.245,5.673879
A_timeseries,SCA+GSS,3.25,4.813036
A_timeseries,SCA+GSS,3.255,3.921361
A_timeseries,SCA+GSS,3.26,2.941737
A_timeseries,SCA+GSS,3.265,1.830344
A_timeseries,SCA+GSS,3.27,0.682868
A_timeseries,SCA+GSS,3.275,0.141001
A_timeseries,SCA+GSS,3.28,0.589865
A_timeseries,SCA+GSS,3.285,1.228403
A_timeseries,SCA+GSS,3.29,1.678181
A_timeseries,SCA+GSS,3.295,1.909436
A_timeseries,SCA+GSS,3.3,1.944842
A_timeseries,SCA+GSS,3.305,1.806715
A_timeseries,SCA+GSS,3.31,1.515038
A_timeseries,SCA+GSS,3.315,1.096971
A_timeseries,SCA+GSS,3.32,0.611777
A_timeseries,SCA+GSS,3.325,0.193743
A_timeseries,SCA+GSS,3.33,0.033786
A_timeseries,SCA+GSS,3.335,0.181351
A_timeseries,SCA+GSS,3.34,0.473318
A_timeseries,SCA+GSS,3.345,0.744825
A_timeseries,SCA+GSS,3.35,0.919942
A_timeseries,SCA+GSS,3.355,0.977038
A_timeseries,SCA+GSS,3.36,25.410678
A_timeseries,SCA+GSS,3.365,10.890769
A_timeseries,SCA+GSS,3.37,8.817875
A_timeseries,SCA+GSS,3.375,7.522284
A_timeseries,SCA+GSS,3.38,6.506149
A_timeseries,SCA+GSS,3.385,5.603575
A_timeseries,SCA+GSS,3.39,4.727304
A_timeseries,SCA+GSS,3.395,3.812726
A_timeseries,SCA+GSS,3.4,2.799653
A_timeseries,SCA+GSS,3.405,1.647434
A_timeseries,SCA+GSS,3.41,0.510285
A_timeseries,SCA+GSS,3.415,0.155161
A_timeseries,SCA+GSS,3.42,0.719764
A_timeseries,SCA+GSS,3.425,1.344656
A_timeseries,SCA+GSS,3.43,1.752524
A_timeseries,SCA+GSS,3.435,1.938034
A_timeseries,SCA+GSS,3.44,1.926857
A_timeseries,SCA+GSS,3.445,1.741604
A_timeseries,SCA+GSS,3.45,1.403944
A_timeseries,SCA+GSS,3.455,0.948528
A_timeseries,SCA+GSS,3.46,0.457022
A_timeseries,SCA+GSS,3.465,0.100316
A_timeseries,SCA+GSS,3.47,0.057036
A_timeseries,SCA+GSS,3.475,0.286372
A_timeseries,SCA+GSS,3.48,0.590552
A_timeseries,SCA+GSS,3.485,0.832826
A_timeseries,SCA+GSS,3.49,0.961903
A_timeseries,SCA+GSS,3.495,0.96772
A_timeseries,SCA+GSS,3.5,25.423792
A_timeseries,SCA+GSS,3.505,10.841184
A_timeseries,SCA+GSS,3.51,8.765945
A_timeseries,SCA+GSS,3.515,7.466093
A_timeseries,SCA+GSS,3.52,6.443232
A_timeseries,SCA+GSS,3.525,5.530519
A_timeseries,SCA+GSS,3.53,4.639118
A_timeseries,SCA+GSS,3.535,3.7019
A_timeseries,SCA+GSS,3.54,2.65569
A_timeseries,SCA+GSS,3.545,1.465314
A_timeseries,SCA+GSS,3.55,0.358365
A_timeseries,SCA+GSS,3.555,0.194791
A_timeseries,SCA+GSS,3.56,0.83712
A_timeseries,SCA+GSS,3.565,1.438878
A_timeseries,SCA+GSS,3.57,1.805531
A_timeseries,SCA+GSS,3.575,1.947567
A_timeseries,SCA+GSS,3.58,1.892248
A_timeseries,SCA+GSS,3.585,1.662518
A_timeseries,SCA+GSS,3.59,1.282594
A_timeseries,SCA+GSS,3.595,0.797415
A_timeseries,SCA+GSS,3.6,0.316256
A_timeseries,SCA+GSS,3.605,0.040685
A_timeseries,SCA+GSS,3.61,0.106037
A_timeseries,SCA+GSS,3.615,0.388003
A_timeseries,SCA+GSS,3.62,0.685457
A_timeseries,SCA+GSS,3.625,0.892069
A_timeseries,SCA+GSS,3.63,0.974883
A_timeseries,SCA+GSS,3.635,0.932165
A_timeseries,SCA+GSS,3.64,25.439602
A_timeseries,SCA+GSS,3.645,10.799129
A_timeseries,SCA+GSS,3.65,8.72166
A_timeseries,SCA+GSS,3.655,7.417745
A_timeseries,SCA+GSS,3.66,6.388443
A_timeseries,SCA+GSS,3.665,5.46597
A_timeseries,SCA+GSS,3.67,4.559902
A_timeseries,SCA+GSS,3.675,3.600576
A_timeseries,SCA+GSS,3.68,2.521989
A_timeseries,SCA+GSS,3.685,1.297107
A_timeseries,SCA+GSS,3.69,0.240426
A_timeseries,SCA+GSS,3.695,0.259376
A_timeseries,SCA+GSS,3.7,0.948891
A_timeseries,SCA+GSS,3.705,1.522663
A_timeseries,SCA+GSS,3.71,1.849852
A_timeseries,SCA+GSS,3.715,1.951061
A_timeseries,SCA+GSS,3.72,1.854351
A_timeseries,SCA+GSS,3.725,1.58318
A_timeseries,SCA+GSS,3.73,1.165341
A_timeseries,SCA+GSS,3.735,0.659116
A_timeseries,SCA+GSS,3.74,0.205025
A_timeseries,SCA+GSS,3.745,0.021873
A_timeseries,SCA+GSS,3.75,0.177962
A_timeseries,SCA+GSS,3.755,0.487917
A_timeseries,SCA+GSS,3.76,0.766931
A_timeseries,SCA+GSS,3.765,0.935404
A_timeseries,SCA+GSS,3.77,0.973611
A_timeseries,SCA+GSS,3.775,0.886232
A_timeseries,SCA+GSS,3.78,25.454752
A_timeseries,SCA+GSS,3.785,10.761399
A_timeseries,SCA+GSS,3.79,8.681838
A_timeseries,SCA+GSS,3.795,7.374098
A_timeseries,SCA+GSS,3.8,6.33871
A_timeseries,SCA+GSS,3.805,5.406964
A_timeseries,SCA+GSS,3.81,4.486871
A_timeseries,SCA+GSS,3.815,3.506258
A_timeseries,SCA+GSS,3.82,2.39653
A_timeseries,SCA+GSS,3.825,1.141664
A_timeseries,SCA+GSS,3.83,0.153204
A_timeseries,SCA+GSS,3.835,0.335534
A_timeseries,SCA+GSS,3.84,1.049745
A_timeseries,SCA+GSS,3.845,1.593774
A_timeseries,SCA+GSS,3.85,1.883962
A_timeseries,SCA+GSS,3.855,1.947314
A_timeseries,SCA+GSS,3.86,1.812267
A_timeseries,SCA+GSS,3.865,1.503065
A_timeseries,SCA+GSS,3.87,1.052206
A_timeseries,SCA+GSS,3.875,0.534273
A_timeseries,SCA+GSS,3.88,0.121925
A_timeseries,SCA+GSS,3.885,0.032815
A_timeseries,SCA+GSS,3.89,0.257958
A_timeseries,SCA+GSS,3.895,0.577671
A_timeseries,SCA+GSS,3.9,0.831909
A_timeseries,SCA+GSS,3.905,0.96237
A_timeseries,SCA+GSS,3.91,0.958894
A_timeseries,SCA+GSS,3.915,0.831561
A_timeseries,SCA+GSS,3.92,25.464714
A_timeseries,SCA+GSS,3.925,10.723604
A_timeseries,SCA+GSS,3.93,8.642111
A_timeseries,SCA+GSS,3.935,7.330825
A_timeseries,SCA+GSS,3.94,6.289771
A_timeseries,SCA+GSS,3.945,5.349354
A_timeseries,SCA+GSS,3.95,4.416063
A_timeseries,SCA+GSS,3.955,3.41529
A_timeseries,SCA+GSS,3.96,2.276149
A_timeseries,SCA+GSS,3.965,0.996455
A_timeseries,SCA+GSS,3.97,0.089875
A_timeseries,SCA+GSS,3.975,0.410912
A_timeseries,SCA+GSS,3.98,1.134411
A_timeseries,SCA+GSS,3.985,1.648991
A_timeseries,SCA+GSS,3.99,1.905146
A_timeseries,SCA+GSS,3.995,1.933897
A_timeseries,SCA+GSS,4.0,1.763859
A_timeseries,SCA+GSS,4.005,1.420374
A_timeseries,SCA+GSS,4.01,0.941762
A_timeseries,SCA+GSS,4.015,0.421336
A_timeseries,SCA+GSS,4.02,0.061427
A_timeseries,SCA+GSS,4.025,0.059736
A_timeseries,SCA+GSS,4.03,0.333232
A_timeseries,SCA+GSS,4.035,0.650569
A_timeseries,SCA+GSS,4.04,0.877453
A_timeseries,SCA+GSS,4.045,0.971751
A_timeseries,SCA+GSS,4.05,0.930386
A_timeseries,SCA+GSS,4.055,0.768369
A_timeseries,SCA+GSS,4.06,25.475697
A_timeseries,SCA+GSS,4.065,10.692084
A_timeseries,SCA+GSS,4.07,8.608838
A_timeseries,SCA+GSS,4.075,7.294323
A_timeseries,SCA+GSS,4.08,6.248092
A_timeseries,SCA+GSS,4.085,5.299714
A_timeseries,SCA+GSS,4.09,4.354239
A_timeseries,SCA+GSS,4.095,3.334749
A_timeseries,SCA+GSS,4.1,2.168415
A_timeseries,SCA+GSS,4.105,0.86934
A_timeseries,SCA+GSS,4.11,0.052488
A_timeseries,SCA+GSS,4.115,0.486117
A_timeseries,SCA+GSS,4.12,1.209104
A_timeseries,SCA+GSS,4.125,1.695891
A_timeseries,SCA+GSS,4.13,1.92136
A_timeseries,SCA+GSS,4.135,1.919028
A_timeseries,SCA+GSS,4.14,1.71762
A_timeseries,SCA+GSS,4.145,1.343877
A_timeseries,SCA+GSS,4.15,0.842901
A_timeseries,SCA+GSS,4.155,0.328196
A_timeseries,SCA+GSS,4.16,0.026275
A_timeseries,SCA+GSS,4.165,0.100075
A_timeseries,SCA+GSS,4.17,0.40477
A_timeseries,SCA+GSS,4.175,0.712524
A_timeseries,SCA+GSS,4.18,0.912032
A_timeseries,SCA+GSS,4.185,0.973169
A_timeseries,SCA+GSS,4.19,0.898292
A_timeseries,SCA+GSS,4.195,0.707148
A_timeseries,SCA+GSS,4.2,25.486971
A_timeseries,SCA+GSS,4.205,10.666225
A_timeseries,SCA+GSS,4.21,8.581424
A_timeseries,SCA+GSS,4.215,7.264035
A_timeseries,SCA+GSS,4.22,6.21318
A_timeseries,SCA+GSS,4.225,5.257661
A_timeseries,SCA+GSS,4.23,4.301201
A_timeseries,SCA+GSS,4.235,3.26475
A_timeseries,SCA+GSS,4.24,2.07391
A_timeseries,SCA+GSS,4.245,0.760786
A_timeseries,SCA+GSS,4.25,0.03511
A_timeseries,SCA+GSS,4.255,0.556672
A_timeseries,SCA+GSS,4.26,1.273524
A_timeseries,SCA+GSS,4.265,1.735089
A_timeseries,SCA+GSS,4.27,1.933517
A_timeseries,SCA+GSS,4.275,1.903857
A_timeseries,SCA+GSS,4.28,1.674945
A_timeseries,SCA+GSS,4.285,1.275164
A_timeseries,SCA+GSS,4.29,0.75704
A_timeseries,SCA+GSS,4.295,0.254442
A_timeseries,SCA+GSS,4.3,0.010774
A_timeseries,SCA+GSS,4.305,0.145919
A_timeseries,SCA+GSS,4.31,0.468958
A_timeseries,SCA+GSS,4.315,0.763598
A_timeseries,SCA+GSS,4.32,0.937435
A_timeseries,SCA+GSS,4.325,0.969191
A_timeseries,SCA+GSS,4.33,0.865535
A_timeseries,SCA+GSS,4.335,0.65082
A_timeseries,SCA+GSS,4.34,25.495195
A_timeseries,SCA+GSS,4.345,10.64279
A_timeseries,SCA+GSS,4.35,8.556651
A_timeseries,SCA+GSS,4.355,7.236777
A_timeseries,SCA+GSS,4.36,6.18191
A_timeseries,SCA+GSS,4.365,5.220172
A_timeseries,SCA+GSS,4.37,4.254101
A_timeseries,SCA+GSS,4.375,3.202748
A_timeseries,SCA+GSS,4.38,1.990515
A_timeseries,SCA+GSS,4.385,0.668147
A_timeseries,SCA+GSS,4.39,0.028989
A_timeseries,SCA+GSS,4.395,0.616869
A_timeseries,SCA+GSS,4.4,1.324958
A_timeseries,SCA+GSS,4.405,1.764501
A_timeseries,SCA+GSS,4.41,1.939774
A_timeseries,SCA+GSS,4.415,1.886754
A_timeseries,SCA+GSS,4.42,1.634415
A_timeseries,SCA+GSS,4.425,1.212918
A_timeseries,SCA+GSS,4.43,0.682387
A_timeseries,SCA+GSS,4.435,0.195859
A_timeseries,SCA+GSS,4.44,0.006159
A_timeseries,SCA+GSS,4.445,0.188631
A_timeseries,SCA+GSS,4.45,0.52117
A_timeseries,SCA+GSS,4.455,0.801782
A_timeseries,SCA+GSS,4.46,0.952823
A_timeseries,SCA+GSS,4.465,0.959497
A_timeseries,SCA+GSS,4.47,0.831965
A_timeseries,SCA+GSS,4.475,0.598955
A_timeseries,SCA+GSS,4.48,25.500694
A_timeseries,SCA+GSS,4.485,10.622194
A_timeseries,SCA+GSS,4.49,8.53495
A_timeseries,SCA+GSS,4.495,7.21301
A_timeseries,MRT,0.0,8.446423
A_timeseries,MRT,0.005,10.179976
A_timeseries,MRT,0.01,12.069385
A_timeseries,MRT,0.015,10.208317
A_timeseries,MRT,0.02,8.656928
A_timeseries,MRT,0.025,7.689783
A_timeseries,MRT,0.03,7.035599
A_timeseries,MRT,0.035,6.575218
A_timeseries,MRT,0.04,6.250486
A_timeseries,MRT,0.045,6.029789
A_timeseries,MRT,0.05,5.894833
A_timeseries,MRT,0.055,5.834924
A_timeseries,MRT,0.06,5.844275
A_timeseries,MRT,0.065,5.920748
A_timeseries,MRT,0.07,6.065411
A_timeseries,MRT,0.075,6.282698
A_timeseries,MRT,0.08,6.58125
A_timeseries,MRT,0.085,6.975763
A_timeseries,MRT,0.09,7.490705
A_timeseries,MRT,0.095,8.167853
A_timeseries,MRT,0.1,9.081092
A_timeseries,MRT,0.105,10.347526
A_timeseries,MRT,0.11,11.77764
A_timeseries,MRT,0.115,11.339598
A_timeseries,MRT,0.12,9.957224
A_timeseries,MRT,0.125,8.939348
A_timeseries,MRT,0.13,8.226008
A_timeseries,MRT,0.135,7.715183
A_timeseries,MRT,0.14,7.348259
A_timeseries,MRT,0.145,7.091836
A_timeseries,MRT,0.15,6.926235
A_timeseries,MRT,0.155,6.839819
A_timeseries,MRT,0.16,6.826188
A_timeseries,MRT,0.165,6.882829
A_timeseries,MRT,0.17,7.010609
A_timeseries,MRT,0.175,7.213916
A_timeseries,MRT,0.18,7.501479
A_timeseries,MRT,0.185,7.888196
A_timeseries,MRT,0.19,8.398704
A_timeseries,MRT,0.195,9.074059
A_timeseries,MRT,0.2,9.981481
A_timeseries,MRT,0.205,11.19002
A_timeseries,MRT,0.21,12.265581
A_timeseries,MRT,0.215,11.648639
A_timeseries,MRT,0.22,10.443915
A_timeseries,MRT,0.225,9.522516
A_timeseries,MRT,0.23,8.858852
A_timeseries,MRT,0.235,8.377755
A_timeseries,MRT,0.24,8.031572
A_timeseries,MRT,0.245,7.791901
A_timeseries,MRT,0.25,7.641727
A_timeseries,MRT,0.255,7.571105
A_timeseries,MRT,0.26,7.574952
A_timeseries,MRT,0.265,7.652014
A_timeseries,MRT,0.27,7.804613
A_timeseries,MRT,0.275,8.039072
A_timeseries,MRT,0.28,8.366951
A_timeseries,MRT,0.285,8.80758
A_timeseries,MRT,0.29,9.392747
A_timeseries,MRT,0.295,10.173932
A_timeseries,MRT,0.3,11.217825
A_timeseries,MRT,0.305,12.405587
A_timeseries,MRT,0.31,12.52034
A_timeseries,MRT,0.315,11.417522
A_timeseries,MRT,0.32,10.405582
A_timeseries,MRT,0.325,9.661259
A_timeseries,MRT,0.33,9.119796
A_timeseries,MRT,0.335,8.72772
A_timeseries,MRT,0.34,8.451953
A_timeseries,MRT,0.345,8.272529
A_timeseries,MRT,0.35,8.177657
A_timeseries,MRT,0.355,8.161071
A_timeseries,MRT,0.36,8.220734
A_timeseries,MRT,0.365,8.358437
A_timeseries,MRT,0.37,8.580125
A_timeseries,MRT,0.375,8.897069
A_timeseries,MRT,0.38,9.328305
A_timeseries,MRT,0.385,9.905088
A_timeseries,MRT,0.39,10.677233
A_timeseries,MRT,0.395,11.704297
A_timeseries,MRT,0.4,12.839598
A_timeseries,MRT,0.405,12.901226
A_timeseries,MRT,0.41,11.828341
A_timeseries,MRT,0.415,10.839809
A_timeseries,MRT,0.42,10.108194
A_timeseries,MRT,0.425,9.575266
A_timeseries,MRT,0.43,9.190545
A_timeseries,MRT,0.435,8.922383
A_timeseries,MRT,0.44,8.751659
A_timeseries,MRT,0.445,8.667245
A_timeseries,MRT,0.45,8.663542
A_timeseries,MRT,0.455,8.739326
A_timeseries,MRT,0.46,8.8975
A_timeseries,MRT,0.465,9.145649
A_timeseries,MRT,0.47,9.497601
A_timeseries,MRT,0.475,9.976529
A_timeseries,MRT,0.48,10.620224
A_timeseries,MRT,0.485,11.485224
A_timeseries,MRT,0.49,12.597554
A_timeseries,MRT,0.495,13.45208
A_timeseries,MRT,0.5,12.851299
A_timeseries,MRT,0.505,11.756748
A_timeseries,MRT,0.51,10.888251
A_timeseries,MRT,0.515,10.252921
A_timeseries,MRT,0.52,9.792251
A_timeseries,MRT,0.525,9.465326
A_timeseries,MRT,0.53,9.24706
A_timeseries,MRT,0.535,9.122586
A_timeseries,MRT,0.54,9.083833
A_timeseries,MRT,0.545,9.127792
A_timeseries,MRT,0.55,9.255892
A_timeseries,MRT,0.555,9.474284
A_timeseries,MRT,0.56,9.795099
A_timeseries,MRT,0.565,10.239152
A_timeseries,MRT,0.57,10.840728
A_timeseries,MRT,0.575,11.652786
A_timeseries,MRT,0.58,12.719403
A_timeseries,MRT,0.585,13.716766
A_timeseries,MRT,0.59,13.382639
A_timeseries,MRT,0.595,12.285983
A_timeseries,MRT,0.6,11.370209
A_timeseries,MRT,0.605,10.698363
A_timeseries,MRT,0.61,10.212107
A_timeseries,MRT,0.615,9.86726
A_timeseries,MRT,0.62,9.636547
A_timeseries,MRT,0.625,9.503846
A_timeseries,MRT,0.63,9.460432
A_timeseries,MRT,0.635,9.503046
A_timeseries,MRT,0.64,9.633219
A_timeseries,MRT,0.645,9.857569
A_timeseries,MRT,0.65,10.189214
A_timeseries,MRT,0.655,10.650758
A_timeseries,MRT,0.66,11.279492
A_timeseries,MRT,0.665,12.13154
A_timeseries,MRT,0.67,13.233779
A_timeseries,MRT,0.675,14.090495
A_timeseries,MRT,0.68,13.498391
A_timeseries,MRT,0.685,12.402737
A_timeseries,MRT,0.69,11.533828
A_timeseries,MRT,0.695,10.901143
A_timeseries,MRT,0.7,10.446408
A_timeseries,MRT,0.705,10.128898
A_timeseries,MRT,0.71,9.923895
A_timeseries,MRT,0.715,9.817127
A_timeseries,MRT,0.72,9.801426
A_timeseries,MRT,0.725,9.875135
A_timeseries,MRT,0.73,10.041748
A_timeseries,MRT,0.735,10.310646
A_timeseries,MRT,0.74,10.699215
A_timeseries,MRT,0.745,11.236974
A_timeseries,MRT,0.75,11.971635
A_timeseries,MRT,0.755,12.961973
A_timeseries,MRT,0.76,14.086409
A_timeseries,MRT,0.765,14.226345
A_timeseries,MRT,0.77,13.177496
A_timeseries,MRT,0.775,12.180068
A_timeseries,MRT,0.78,11.443605
A_timeseries,MRT,0.785,10.913684
A_timeseries,MRT,0.79,10.539841
A_timeseries,MRT,0.795,10.290587
A_timeseries,MRT,0.8,10.147483
A_timeseries,MRT,0.805,10.100702
A_timeseries,MRT,0.81,10.146735
A_timeseries,MRT,0.815,10.287614
A_timeseries,MRT,0.82,10.531345
A_timeseries,MRT,0.825,10.893741
A_timeseries,MRT,0.83,11.402244
A_timeseries,MRT,0.835,12.102098
A_timeseries,MRT,0.84,13.055039
A_timeseries,MRT,0.845,14.2047
A_timeseries,MRT,0.85,14.576743
A_timeseries,MRT,0.855,13.585862
A_timeseries,MRT,0.86,12.54696
A_timeseries,MRT,0.865,11.775719
A_timeseries,MRT,0.87,11.222626
A_timeseries,MRT,0.875,10.833653
A_timeseries,MRT,0.88,10.574866
A_timeseries,MRT,0.885,10.426499
A_timeseries,MRT,0.89,10.378091
A_timeseries,MRT,0.895,10.425979
A_timeseries,MRT,0.9,10.572453
A_timeseries,MRT,0.905,10.826269
A_timeseries,MRT,0.91,11.204721
A_timeseries,MRT,0.915,11.737958
A_timeseries,MRT,0.92,12.475609
A_timeseries,MRT,0.925,13.480256
A_timeseries,MRT,0.93,14.621172
A_timeseries,MRT,0.935,14.703502
A_timeseries,MRT,0.94,13.612103
A_timeseries,MRT,0.945,12.61319
A_timeseries,MRT,0.95,11.88503
A_timeseries,MRT,0.955,11.367037
A_timeseries,MRT,0.96,11.00813
A_timeseries,MRT,0.965,10.77726
A_timeseries,MRT,0.97,10.656806
A_timeseries,MRT,0.975,10.638107
A_timeseries,MRT,0.98,10.719351
A_timeseries,MRT,0.985,10.905144
A_timeseries,MRT,0.99,11.207598
A_timeseries,MRT,0.995,11.649357
A_timeseries,MRT,1.0,12.269382
A_timeseries,MRT,1.005,13.128867
A_timeseries,MRT,1.01,14.263589
A_timeseries,MRT,1.015,15.126585
A_timeseries,MRT,1.02,14.433503
A_timeseries,MRT,1.025,13.30263
A_timeseries,MRT,1.03,12.435951
A_timeseries,MRT,1.035,11.817858
A_timeseries,MRT,1.04,11.385242
A_timeseries,MRT,1.045,11.097017
A_timeseries,MRT,1.05,10.929397
A_timeseries,MRT,1.055,10.869816
A_timeseries,MRT,1.06,10.913707
A_timeseries,MRT,1.065,11.063378
A_timeseries,MRT,1.07,11.328566
A_timeseries,MRT,1.075,11.728904
A_timeseries,MRT,1.08,12.299124
A_timeseries,MRT,1.085,13.096521
A_timeseries,MRT,1.09,14.182312
A_timeseries,MRT,1.095,15.258416
A_timeseries,MRT,1.1,14.9012
A_timeseries,MRT,1.105,13.735812
A_timeseries,MRT,1.11,12.798099
A_timeseries,MRT,1.115,12.129633
A_timeseries,MRT,1.12,11.662345
A_timeseries,MRT,1.125,11.34948
A_timeseries,MRT,1.13,11.163913
A_timeseries,MRT,1.135,11.0912
A_timeseries,MRT,1.14,11.125732
A_timeseries,MRT,1.145,11.269304
A_timeseries,MRT,1.15,11.531557
A_timeseries,MRT,1.155,11.9325
A_timeseries,MRT,1.16,12.507981
A_timeseries,MRT,1.165,13.317673
A_timeseries,MRT,1.17,14.424539
A_timeseries,MRT,1.175,15.490812
A_timeseries,MRT,1.18,15.044395
A_timeseries,MRT,1.185,13.863191
A_timeseries,MRT,1.19,12.934938
A_timeseries,MRT,1.195,12.278172
A_timeseries,MRT,1.2,11.822853
A_timeseries,MRT,1.205,11.522736
A_timeseries,MRT,1.21,11.351449
A_timeseries,MRT,1.215,11.295399
A_timeseries,MRT,1.22,11.35005
A_timeseries,MRT,1.225,11.518734
A_timeseries,MRT,1.23,11.813515
A_timeseries,MRT,1.235,12.258485
A_timeseries,MRT,1.24,12.896548
A_timeseries,MRT,1.245,13.796864
A_timeseries,MRT,1.25,14.992511
A_timeseries,MRT,1.255,15.752495
A_timeseries,MRT,1.26,14.846962
A_timeseries,MRT,1.265,13.703955
A_timeseries,MRT,1.27,12.866101
A_timeseries,MRT,1.275,12.280796
A_timeseries,MRT,1.28,11.882589
A_timeseries,MRT,1.285,11.63205
A_timeseries,MRT,1.29,11.507563
A_timeseries,MRT,1.295,11.499138
A_timeseries,MRT,1.3,11.605641
A_timeseries,MRT,1.305,11.834485
A_timeseries,MRT,1.31,12.203666
A_timeseries,MRT,1.315,12.74698
A_timeseries,MRT,1.32,13.523066
A_timeseries,MRT,1.325,14.608583
A_timeseries,MRT,1.33,15.790074
A_timeseries,MRT,1.335,15.542458
A_timeseries,MRT,1.34,14.322106
A_timeseries,MRT,1.345,13.345251
A_timeseries,MRT,1.35,12.660651
A_timeseries,MRT,1.355,12.191335
A_timeseries,MRT,1.36,11.886614
A_timeseries,MRT,1.365,11.718155
A_timeseries,MRT,1.37,11.671842
A_timeseries,MRT,1.375,11.743658
A_timeseries,MRT,1.38,11.938559
A_timeseries,MRT,1.385,12.271865
A_timeseries,MRT,1.39,12.773792
A_timeseries,MRT,1.395,13.498329
A_timeseries,MRT,1.4,14.526735
A_timeseries,MRT,1.405,15.782798
A_timeseries,MRT,1.41,15.90834
A_timeseries,MRT,1.415,14.695736
A_timeseries,MRT,1.42,13.648746
A_timeseries,MRT,1.425,12.914864
A_timeseries,MRT,1.43,12.412794
A_timeseries,MRT,1.435,12.085527
A_timeseries,MRT,1.44,11.901171
A_timeseries,MRT,1.445,11.843702
A_timeseries,MRT,1.45,11.908116
A_timeseries,MRT,1.455,12.098974
A_timeseries,MRT,1.46,12.431723
A_timeseries,MRT,1.465,12.937409
A_timeseries,MRT,1.47,13.672143
A_timeseries,MRT,1.475,14.721027
A_timeseries,MRT,1.48,15.992841
A_timeseries,MRT,1.485,16.031937
A_timeseries,MRT,1.49,14.784697
A_timeseries,MRT,1.495,13.745492
A_timeseries,MRT,1.5,13.023448
A_timeseries,MRT,1.505,12.533574
A_timeseries,MRT,1.51,12.219292
A_timeseries,MRT,1.515,12.049544
A_timeseries,MRT,1.52,12.009278
A_timeseries,MRT,1.525,12.094769
A_timeseries,MRT,1.53,12.312501
A_timeseries,MRT,1.535,12.681125
A_timeseries,MRT,1.54,13.237401
A_timeseries,MRT,1.545,14.047308
A_timeseries,MRT,1.55,15.198407
A_timeseries,MRT,1.555,16.385432
A_timeseries,MRT,1.56,15.874641
A_timeseries,MRT,1.565,14.602664
A_timeseries,MRT,1.57,13.651928
A_timeseries,MRT,1.575,13.000785
A_timeseries,MRT,1.58,12.566618
A_timeseries,MRT,1.585,12.300302
A_timeseries,MRT,1.59,12.175921
A_timeseries,MRT,1.595,12.182319
A_timeseries,MRT,1.6,12.319563
A_timeseries,MRT,1.605,12.598971
A_timeseries,MRT,1.61,13.04671
A_timeseries,MRT,1.615,13.71253
A_timeseries,MRT,1.62,14.681536
A_timeseries,MRT,1.625,15.988114
A_timeseries,MRT,1.63,16.554989
A_timeseries,MRT,1.635,15.368157
A_timeseries,MRT,1.64,14.221683
A_timeseries,MRT,1.645,13.426819
A_timeseries,MRT,1.65,12.891536
A_timeseries,MRT,1.655,12.548611
A_timeseries,MRT,1.66,12.361423
A_timeseries,MRT,1.665,12.312277
A_timeseries,MRT,1.67,12.396495
A_timeseries,MRT,1.675,12.620911
A_timeseries,MRT,1.68,13.006083
A_timeseries,MRT,1.685,13.593306
A_timeseries,MRT,1.69,14.457738
A_timeseries,MRT,1.695,15.690516
A_timeseries,MRT,1.7,16.772401
A_timeseries,MRT,1.705,15.920962
A_timeseries,MRT,1.71,14.654561
A_timeseries,MRT,1.715,13.756452
A_timeseries,MRT,1.72,13.151561
A_timeseries,MRT,1.725,12.758954
A_timeseries,MRT,1.73,12.533647
A_timeseries,MRT,1.735,12.453229
A_timeseries,MRT,1.74,12.510066
A_timeseries,MRT,1.745,12.708747
A_timeseries,MRT,1.75,13.067612
A_timeseries,MRT,1.755,13.625151
A_timeseries,MRT,1.76,14.453274
A_timeseries,MRT,1.765,15.654025
A_timeseries,MRT,1.77,16.877544
A_timeseries,MRT,1.775,16.206601
A_timeseries,MRT,1.78,14.891767
A_timeseries,MRT,1.785,13.950277
A_timeseries,MRT,1.79,13.318916
A_timeseries,MRT,1.795,12.909986
A_timeseries,MRT,1.8,12.674741
A_timeseries,MRT,1.805,12.588997
A_timeseries,MRT,1.81,12.644406
A_timeseries,MRT,1.815,12.845587
A_timeseries,MRT,1.82,13.211706
A_timeseries,MRT,1.825,13.783385
A_timeseries,MRT,1.83,14.637153
A_timeseries,MRT,1.835,15.878671
A_timeseries,MRT,1.84,17.056026
A_timeseries,MRT,1.845,16.221035
A_timeseries,MRT,1.85,14.912105
A_timeseries,MRT,1.855,13.99583
A_timeseries,MRT,1.86,13.38639
A_timeseries,MRT,1.865,12.997386
A_timeseries,MRT,1.87,12.782148
A_timeseries,MRT,1.875,12.71827
A_timeseries,MRT,1.88,12.799301
A_timeseries,MRT,1.885,13.032469
A_timeseries,MRT,1.89,13.441242
A_timeseries,MRT,1.895,14.074187
A_timeseries,MRT,1.9,15.021696
A_timeseries,MRT,1.905,16.373358
A_timeseries,MRT,1.91,17.184958
A_timeseries,MRT,1.915,15.960825
A_timeseries,MRT,1.92,14.738277
A_timeseries,MRT,1.925,13.911825
A_timeseries,MRT,1.93,13.369253
A_timeseries,MRT,1.935,13.034668
A_timeseries,MRT,1.94,12.868885
A_timeseries,MRT,1.945,12.854666
A_timeseries,MRT,1.95,12.990226
A_timeseries,MRT,1.955,13.288585
A_timeseries,MRT,1.96,13.782438
A_timeseries,MRT,1.965,14.537066
A_timeseries,MRT,1.97,15.665929
A_timeseries,MRT,1.975,17.090676
A_timeseries,MRT,1.98,16.892516
A_timeseries,MRT,1.985,15.474698
A_timeseries,MRT,1.99,14.431533
A_timeseries,MRT,1.995,13.742535
A_timeseries,MRT,2.0,13.301813
A_timeseries,MRT,2.005,13.051262
A_timeseries,MRT,2.01,12.962773
A_timeseries,MRT,2.015,13.027044
A_timeseries,MRT,2.02,13.250054
A_timeseries,MRT,2.025,13.655321
A_timeseries,MRT,2.03,14.293314
A_timeseries,MRT,2.035,15.260588
A_timeseries,MRT,2.04,16.658241
A_timeseries,MRT,2.045,17.431258
A_timeseries,MRT,2.05,16.111578
A_timeseries,MRT,2.055,14.886185
A_timeseries,MRT,2.06,14.072247
A_timeseries,MRT,2.065,13.546028
A_timeseries,MRT,2.07,13.231168
A_timeseries,MRT,2.075,13.089613
A_timeseries,MRT,2.08,13.106013
A_timeseries,MRT,2.085,13.281627
A_timeseries,MRT,2.09,13.634812
A_timeseries,MRT,2.095,14.208449
A_timeseries,MRT,2.1,15.087851
A_timeseries,MRT,2.105,16.402491
A_timeseries,MRT,2.11,17.613032
A_timeseries,MRT,2.115,16.562094
A_timeseries,MRT,2.12,15.21955
A_timeseries,MRT,2.125,14.319937
A_timeseries,MRT,2.13,13.738188
A_timeseries,MRT,2.135,13.384216
A_timeseries,MRT,2.14,13.212735
A_timeseries,MRT,2.145,13.204463
A_timeseries,MRT,2.15,13.358134
A_timeseries,MRT,2.155,13.690001
A_timeseries,MRT,2.16,14.240551
A_timeseries,MRT,2.165,15.092139
A_timeseries,MRT,2.17,16.380964
A_timeseries,MRT,2.175,17.715356
A_timeseries,MRT,2.18,16.782494
A_timeseries,MRT,2.185,15.391954
A_timeseries,MRT,2.19,14.460406
A_timeseries,MRT,2.195,13.860825
A_timeseries,MRT,2.2,13.496915
A_timeseries,MRT,2.205,13.320622
A_timeseries,MRT,2.21,13.311585
A_timeseries,MRT,2.215,13.46844
A_timeseries,MRT,2.22,13.808258
A_timeseries,MRT,2.225,14.373826
A_timeseries,MRT,2.23,15.252904
A_timeseries,MRT,2.235,16.58838
A_timeseries,MRT,2.24,17.862628
A_timeseries,MRT,2.245,16.762761
A_timeseries,MRT,2.25,15.391539
A_timeseries,MRT,2.255,14.487731
A_timeseries,MRT,2.26,13.910961
A_timeseries,MRT,2.265,13.567831
A_timeseries,MRT,2.27,13.412807
A_timeseries,MRT,2.275,13.427713
A_timeseries,MRT,2.28,13.613793
A_timeseries,MRT,2.285,13.992241
A_timeseries,MRT,2.29,14.613632
A_timeseries,MRT,2.295,15.581116
A_timeseries,MRT,2.3,17.035584
A_timeseries,MRT,2.305,17.935956
A_timeseries,MRT,2.31,16.509869
A_timeseries,MRT,2.315,15.23794
A_timeseries,MRT,2.32,14.416878
A_timeseries,MRT,2.325,13.90062
A_timeseries,MRT,2.33,13.607651
A_timeseries,MRT,2.335,13.499787
A_timeseries,MRT,2.34,13.564221
A_timeseries,MRT,2.345,13.807865
A_timeseries,MRT,2.35,14.260381
A_timeseries,MRT,2.355,14.988141
A_timeseries,MRT,2.36,16.12273
A_timeseries,MRT,2.365,17.707404
A_timeseries,MRT,2.37,17.639494
A_timeseries,MRT,2.375,16.073469
A_timeseries,MRT,2.38,14.976971
A_timeseries,MRT,2.385,14.2798
A_timeseries,MRT,2.39,13.854604
A_timeseries,MRT,2.395,13.638034
A_timeseries,MRT,2.4,13.602679
A_timeseries,MRT,2.405,13.744058
A_timeseries,MRT,2.41,14.078616
A_timeseries,MRT,2.415,14.651326
A_timeseries,MRT,2.42,15.558057
A_timeseries,MRT,2.425,16.96271
A_timeseries,MRT,2.43,18.22309
A_timeseries,MRT,2.435,16.920961
A_timeseries,MRT,2.44,15.54729
A_timeseries,MRT,2.445,14.667435
A_timeseries,MRT,2.45,14.118361
A_timeseries,MRT,2.455,13.806947
A_timeseries,MRT,2.46,13.690154
A_timeseries,MRT,2.465,13.753447
A_timeseries,MRT,2.47,14.003969
A_timeseries,MRT,2.475,14.473859
A_timeseries,MRT,2.48,15.236345
A_timeseries,MRT,2.485,16.438871
A_timeseries,MRT,2.49,18.072766
A_timeseries,MRT,2.495,17.654749
A_timeseries,MRT,2.5,16.074911
A_timeseries,MRT,2.505,15.025392
A_timeseries,MRT,2.51,14.367716
A_timeseries,MRT,2.515,13.978256
A_timeseries,MRT,2.52,13.798344
A_timeseries,MRT,2.525,13.804615
A_timeseries,MRT,2.53,13.997446
A_timeseries,MRT,2.535,14.401137
A_timeseries,MRT,2.54,15.07609
A_timeseries,MRT,2.545,16.150312
A_timeseries,MRT,2.55,17.770301
A_timeseries,MRT,2.555,18.155302
A_timeseries,MRT,2.56,16.502837
A_timeseries,MRT,2.565,15.317397
A_timeseries,MRT,2.57,14.576165
A_timeseries,MRT,2.575,14.130079
A_timeseries,MRT,2.58,13.907021
A_timeseries,MRT,2.585,13.876714
A_timeseries,MRT,2.59,14.035012
A_timeseries,MRT,2.595,14.401894
A_timeseries,MRT,2.6,15.031575
A_timeseries,MRT,2.605,16.042193
A_timeseries,MRT,2.61,17.61605
A_timeseries,MRT,2.615,18.425559
A_timeseries,MRT,2.62,16.782802
A_timeseries,MRT,2.625,15.51409
A_timeseries,MRT,2.63,14.724192
A_timeseries,MRT,2.635,14.24755
A_timeseries,MRT,2.64,14.003352
A_timeseries,MRT,2.645,13.957305
A_timeseries,MRT,2.65,14.103168
A_timeseries,MRT,2.655,14.459633
A_timeseries,MRT,2.66,15.080001
A_timeseries,MRT,2.665,16.082314
A_timeseries,MRT,2.67,17.660686
A_timeseries,MRT,2.675,18.550435
A_timeseries,MRT,2.68,16.887139
A_timeseries,MRT,2.685,15.599037
A_timeseries,MRT,2.69,14.801951
A_timeseries,MRT,2.695,14.323844
A_timeseries,MRT,2.7,14.081915
A_timeseries,MRT,2.705,14.04153
A_timeseries,MRT,2.71,14.19706
A_timeseries,MRT,2.715,14.568996
A_timeseries,MRT,2.72,15.214891
A_timeseries,MRT,2.725,16.26295
A_timeseries,MRT,2.73,17.909867
A_timeseries,MRT,2.735,18.544652
A_timeseries,MRT,2.74,16.812957
A_timeseries,MRT,2.745,15.572701
A_timeseries,MRT,2.75,14.81087
A_timeseries,MRT,2.755,14.360717
A_timeseries,MRT,2.76,14.144711
A_timeseries,MRT,2.765,14.131768
A_timeseries,MRT,2.77,14.319796
A_timeseries,MRT,2.775,14.734599
A_timeseries,MRT,2.78,15.444255
A_timeseries,MRT,2.785,16.599799
A_timeseries,MRT,2.79,18.357789
A_timeseries,MRT,2.795,18.32227
A_timeseries,MRT,2.8,16.583277
A_timeseries,MRT,2.805,15.452284
A_timeseries,MRT,2.81,14.763228
A_timeseries,MRT,2.815,14.368118
A_timeseries,MRT,2.82,14.200866
A_timeseries,MRT,2.825,14.237474
A_timeseries,MRT,2.83,14.482524
A_timeseries,MRT,2.835,14.971662
A_timeseries,MRT,2.84,15.792636
A_timeseries,MRT,2.845,17.135582
A_timeseries,MRT,2.85,18.88644
A_timeseries,MRT,2.855,17.834415
A_timeseries,MRT,2.86,16.244395
A_timeseries,MRT,2.865,15.267362
A_timeseries,MRT,2.87,14.679838
A_timeseries,MRT,2.875,14.362989
A_timeseries,MRT,2.88,14.266135
A_timeseries,MRT,2.885,14.375325
A_timeseries,MRT,2.89,14.705504
A_timeseries,MRT,2.895,15.308973
A_timeseries,MRT,2.9,16.308482
A_timeseries,MRT,2.905,17.937824
A_timeseries,MRT,2.91,18.966161
A_timeseries,MRT,2.915,17.178794
A_timeseries,MRT,2.92,15.853514
A_timeseries,MRT,2.925,15.053463
A_timeseries,MRT,2.93,14.587006
A_timeseries,MRT,2.935,14.367906
A_timeseries,MRT,2.94,14.362674
A_timeseries,MRT,2.945,14.570198
A_timeseries,MRT,2.95,15.021113
A_timeseries,MRT,2.955,15.796442
A_timeseries,MRT,2.96,17.08033
A_timeseries,MRT,2.965,18.944342
A_timeseries,MRT,2.97,18.194892
A_timeseries,MRT,2.975,16.498764
A_timeseries,MRT,2.98,15.463926
A_timeseries,MRT,2.985,14.846738
A_timeseries,MRT,2.99,14.514182
A_timeseries,MRT,2.995,14.410399
A_timeseries,MRT,3.0,14.519852
A_timeseries,MRT,3.005,14.858142
A_timeseries,MRT,3.01,15.481279
A_timeseries,MRT,3.015,16.523288
A_timeseries,MRT,3.02,18.239519
A_timeseries,MRT,3.025,19.053719
A_timeseries,MRT,3.03,17.169837
A_timeseries,MRT,3.035,15.88486
A_timeseries,MRT,3.04,15.11839
A_timeseries,MRT,3.045,14.681701
A_timeseries,MRT,3.05,14.493335
A_timeseries,MRT,3.055,14.523868
A_timeseries,MRT,3.06,14.777397
A_timeseries,MRT,3.065,15.293993
A_timeseries,MRT,3.07,16.176037
A_timeseries,MRT,3.075,17.654697
A_timeseries,MRT,3.08,19.376065
A_timeseries,MRT,3.085,17.816686
A_timeseries,MRT,3.09,16.287389
A_timeseries,MRT,3.095,15.379607
A_timeseries,MRT,3.1,14.850891
A_timeseries,MRT,3.105,14.592165
A_timeseries,MRT,3.11,14.560685
A_timeseries,MRT,3.115,14.751371
A_timeseries,MRT,3.12,15.19371
A_timeseries,MRT,3.125,15.970874
A_timeseries,MRT,3.13,17.279952
A_timeseries,MRT,3.135,19.237918
A_timeseries,MRT,3.14,18.375544
A_timeseries,MRT,3.145,16.640929
A_timeseries,MRT,3.15,15.609799
A_timeseries,MRT,3.155,15.005489
A_timeseries,MRT,3.16,14.692092
A_timeseries,MRT,3.165,14.614936
A_timeseries,MRT,3.17,14.761813
A_timeseries,MRT,3.175,15.155305
A_timeseries,MRT,3.18,15.867415
A_timeseries,MRT,3.185,17.073202
A_timeseries,MRT,3.19,19.026625
A_timeseries,MRT,3.195,18.791389
A_timeseries,MRT,3.2,16.916391
A_timeseries,MRT,3.205,15.791497
A_timeseries,MRT,3.21,15.132897
A_timeseries,MRT,3.215,14.782423
A_timeseries,MRT,3.22,14.676131
A_timeseries,MRT,3.225,14.796931
A_timeseries,MRT,3.23,15.163478
A_timeseries,MRT,3.235,15.842404
A_timeseries,MRT,3.24,16.998795
A_timeseries,MRT,3.245,18.927073
A_timeseries,MRT,3.25,19.043169
A_timeseries,MRT,3.255,17.091013
A_timeseries,MRT,3.26,15.91226
A_timeseries,MRT,3.265,15.224847
A_timeseries,MRT,3.27,14.856534
A_timeseries,MRT,3.275,14.738053
A_timeseries,MRT,3.28,14.849997
A_timeseries,MRT,3.285,15.209881
A_timeseries,MRT,3.29,15.883833
A_timeseries,MRT,3.295,17.037835
A_timeseries,MRT,3.3,18.982885
A_timeseries,MRT,3.305,19.134442
A_timeseries,MRT,3.31,17.152884
A_timeseries,MRT,3.315,15.966418
A_timeseries,MRT,3.32,15.277979
A_timeseries,MRT,3.325,14.91192
A_timeseries,MRT,3.33,14.798431
A_timeseries,MRT,3.335,14.918632
A_timeseries,MRT,3.34,15.29173
A_timeseries,MRT,3.345,15.988159
A_timeseries,MRT,3.35,17.185992
A_timeseries,MRT,3.355,19.200459
A_timeseries,MRT,3.36,19.062416
A_timeseries,MRT,3.365,17.103422
A_timeseries,MRT,3.37,15.955883
A_timeseries,MRT,3.375,15.293996
A_timeseries,MRT,3.38,14.950085
A_timeseries,MRT,3.385,14.858703
A_timeseries,MRT,3.39,15.004427
A_timeseries,MRT,3.395,15.411222
A_timeseries,MRT,3.4,16.159399
A_timeseries,MRT,3.405,17.452711
A_timeseries,MRT,3.41,19.564331
A_timeseries,MRT,3.415,18.818498
A_timeseries,MRT,3.42,16.957074
A_timeseries,MRT,3.425,15.88962
A_timeseries,MRT,3.43,15.279251
A_timeseries,MRT,3.435,14.976238
A_timeseries,MRT,3.44,14.923781
A_timeseries,MRT,3.445,15.112794
A_timeseries,MRT,3.45,15.575579
A_timeseries,MRT,3.455,16.40974
A_timeseries,MRT,3.46,17.863244
A_timeseries,MRT,3.465,19.968519
A_timeseries,MRT,3.47,18.421555
A_timeseries,MRT,3.475,16.738096
A_timeseries,MRT,3.48,15.78195
A_timeseries,MRT,3.485,15.243884
A_timeseries,MRT,3.49,14.998826
A_timeseries,MRT,3.495,15.001855
A_timeseries,MRT,3.5,15.253089
A_timeseries,MRT,3.505,15.797791
A_timeseries,MRT,3.51,16.762061
A_timeseries,MRT,3.515,18.462221
A_timeseries,MRT,3.52,20.061059
A_timeseries,MRT,3.525,17.928123
A_timeseries,MRT,3.53,16.475311
A_timeseries,MRT,3.535,15.650316
A_timeseries,MRT,3.54,15.20078
A_timeseries,MRT,3.545,15.029074
A_timeseries,MRT,3.55,15.104366
A_timeseries,MRT,3.555,15.439175
A_timeseries,MRT,3.56,16.098518
A_timeseries,MRT,3.565,17.25577
A_timeseries,MRT,3.57,19.298245
A_timeseries,MRT,3.575,19.517327
A_timeseries,MRT,3.58,17.404069
A_timeseries,MRT,3.585,16.197082
A_timeseries,MRT,3.59,15.513297
A_timeseries,MRT,3.595,15.16468
A_timeseries,MRT,3.6,15.080713
A_timeseries,MRT,3.605,15.246352
A_timeseries,MRT,3.61,15.690827
A_timeseries,MRT,3.615,16.510301
A_timeseries,MRT,3.62,17.958616
A_timeseries,MRT,3.625,20.198934
A_timeseries,MRT,3.63,18.640693
A_timeseries,MRT,3.635,16.899359
A_timeseries,MRT,3.64,15.928343
A_timeseries,MRT,3.645,15.389366
A_timeseries,MRT,3.65,15.151714
A_timeseries,MRT,3.655,15.170147
A_timeseries,MRT,3.66,15.4475
A_timeseries,MRT,3.665,16.036827
A_timeseries,MRT,3.67,17.086814
A_timeseries,MRT,3.675,18.978224
A_timeseries,MRT,3.68,20.069599
A_timeseries,MRT,3.685,17.788464
A_timeseries,MRT,3.69,16.444552
A_timeseries,MRT,3.695,15.690007
A_timeseries,MRT,3.7,15.296565
A_timeseries,MRT,3.705,15.179528
A_timeseries,MRT,3.71,15.317319
A_timeseries,MRT,3.715,15.734595
A_timeseries,MRT,3.72,16.521789
A_timeseries,MRT,3.725,17.923469
A_timeseries,MRT,3.73,20.257549
A_timeseries,MRT,3.735,18.90151
A_timeseries,MRT,3.74,17.066729
A_timeseries,MRT,3.745,16.057406
A_timeseries,MRT,3.75,15.499912
A_timeseries,MRT,3.755,15.253004
A_timeseries,MRT,3.76,15.268197
A_timeseries,MRT,3.765,15.547824
A_timeseries,MRT,3.77,16.146873
A_timeseries,MRT,3.775,17.222009
A_timeseries,MRT,3.78,19.185538
A_timeseries,MRT,3.785,20.133713
A_timeseries,MRT,3.79,17.80519
A_timeseries,MRT,3.795,16.484906
A_timeseries,MRT,3.8,15.749593
A_timeseries,MRT,3.805,15.374509
A_timeseries,MRT,3.81,15.27813
A_timeseries,MRT,3.815,15.442266
A_timeseries,MRT,3.82,15.897441
A_timeseries,MRT,3.825,16.748322
A_timeseries,MRT,3.83,18.283619
A_timeseries,MRT,3.835,20.624898
A_timeseries,MRT,3.84,18.670352
A_timeseries,MRT,3.845,16.96733
A_timeseries,MRT,3.85,16.035286
A_timeseries,MRT,3.855,15.531236
A_timeseries,MRT,3.86,15.33092
A_timeseries,MRT,3.865,15.394985
A_timeseries,MRT,3.87,15.734899
A_timeseries,MRT,3.875,16.422264
A_timeseries,MRT,3.88,17.658774
A_timeseries,MRT,3.885,19.93644
A_timeseries,MRT,3.89,19.642216
A_timeseries,MRT,3.895,17.499832
A_timeseries,MRT,3.9,16.347604
A_timeseries,MRT,3.905,15.712408
A_timeseries,MRT,3.91,15.413963
A_timeseries,MRT,3.915,15.38956
A_timeseries,MRT,3.92,15.634234
A_timeseries,MRT,3.925,16.196724
A_timeseries,MRT,3.93,17.224003
A_timeseries,MRT,3.935,19.128341
A_timeseries,MRT,3.94,20.547068
A_timeseries,MRT,3.945,18.076231
A_timeseries,MRT,3.95,16.677432
A_timeseries,MRT,3.955,15.90856
A_timeseries,MRT,3.96,15.51704
A_timeseries,MRT,3.965,15.413643
A_timeseries,MRT,3.97,15.578156
A_timeseries,MRT,3.975,16.042274
A_timeseries,MRT,3.98,16.917355
A_timeseries,MRT,3.985,18.520639
A_timeseries,MRT,3.99,20.917741
A_timeseries,MRT,3.995,18.686256
A_timeseries,MRT,4.0,17.015453
A_timeseries,MRT,4.005,16.111119
A_timeseries,MRT,4.01,15.631636
A_timeseries,MRT,4.015,15.457631
A_timeseries,MRT,4.02,15.554139
A_timeseries,MRT,4.025,15.939368
A_timeseries,MRT,4.03,16.700354
A_timeseries,MRT,4.035,18.08692
A_timeseries,MRT,4.04,20.621161
A_timeseries,MRT,4.045,19.311217
A_timeseries,MRT,4.05,17.351842
A_timeseries,MRT,4.055,16.312211
A_timeseries,MRT,4.06,15.750564
A_timeseries,MRT,4.065,15.513916
A_timeseries,MRT,4.07,15.552828
A_timeseries,MRT,4.075,15.874398
A_timeseries,MRT,4.08,16.548371
A_timeseries,MRT,4.085,17.77906
A_timeseries,MRT,4.09,20.126858
A_timeseries,MRT,4.095,19.91884
A_timeseries,MRT,4.1,17.676192
A_timeseries,MRT,4.105,16.504622
A_timeseries,MRT,4.11,15.867773
A_timeseries,MRT,4.115,15.576443
A_timeseries,MRT,4.12,15.567126
A_timeseries,MRT,4.125,15.837589
A_timeseries,MRT,4.13,16.444961
A_timeseries,MRT,4.135,17.562687
A_timeseries,MRT,4.14,19.700944
A_timeseries,MRT,4.145,20.462365
A_timeseries,MRT,4.15,17.977742
A_timeseries,MRT,4.155,16.681892
A_timeseries,MRT,4.16,15.978267
A_timeseries,MRT,4.165,15.640449
A_timeseries,MRT,4.17,15.591644
A_timeseries,MRT,4.175,15.821803
A_timeseries,MRT,4.18,16.378771
A_timeseries,MRT,4.185,17.414983
A_timeseries,MRT,4.19,19.38807
A_timeseries,MRT,4.195,20.894053
A_timeseries,MRT,4.2,18.245933
A_timeseries,MRT,4.205,16.838494
A_timeseries,MRT,4.21,16.078088
A_timeseries,MRT,4.215,15.702295
A_timeseries,MRT,4.22,15.622345
A_timeseries,MRT,4.225,15.821811
A_timeseries,MRT,4.23,16.341815
A_timeseries,MRT,4.235,17.320711
A_timeseries,MRT,4.24,19.177033
A_timeseries,MRT,4.245,21.193403
A_timeseries,MRT,4.25,18.471246
A_timeseries,MRT,4.255,16.970064
A_timeseries,MRT,4.26,16.164323
A_timeseries,MRT,4.265,15.759351
A_timeseries,MRT,4.27,15.656305
A_timeseries,MRT,4.275,15.833835
A_timeseries,MRT,4.28,16.328437
A_timeseries,MRT,4.285,17.269569
A_timeseries,MRT,4.29,19.050874
A_timeseries,MRT,4.295,21.382122
A_timeseries,MRT,4.3,18.646138
A_timeseries,MRT,4.305,17.073612
A_timeseries,MRT,4.31,16.235101
A_timeseries,MRT,4.315,15.8099
A_timeseries,MRT,4.32,15.69153
A_timeseries,MRT,4.325,15.855223
A_timeseries,MRT,4.33,16.334678
A_timeseries,MRT,4.335,17.254578
A_timeseries,MRT,4.34,18.996276
A_timeseries,MRT,4.345,21.504575
A_timeseries,MRT,4.35,18.765846
A_timeseries,MRT,4.355,17.147655
A_timeseries,MRT,4.36,16.28956
A_timeseries,MRT,4.365,15.853038
A_timeseries,MRT,4.37,15.726812
A_timeseries,MRT,4.375,15.884227
A_timeseries,MRT,4.38,16.357842
A_timeseries,MRT,4.385,17.2711
A_timeseries,MRT,4.39,19.004336
A_timeseries,MRT,4.395,21.597225
A_timeseries,MRT,4.4,18.828865
A_timeseries,MRT,4.405,17.192241
A_timeseries,MRT,4.41,16.327772
A_timeseries,MRT,4.415,15.888577
A_timeseries,MRT,4.42,15.761597
A_timeseries,MRT,4.425,15.919814
A_timeseries,MRT,4.43,16.396211
A_timeseries,MRT,4.435,17.316216
A_timeseries,MRT,4.44,19.069914
A_timeseries,MRT,4.445,21.672743
A_timeseries,MRT,4.45,18.837023
A_timeseries,MRT,4.455,17.208837
A_timeseries,MRT,4.46,16.350623
A_timeseries,MRT,4.465,15.916924
A_timeseries,MRT,4.47,15.795863
A_timeseries,MRT,4.475,15.96153
A_timeseries,MRT,4.48,16.448825
A_timeseries,MRT,4.485,17.38833
A_timeseries,MRT,4.49,19.191005
A_timeseries,MRT,4.495,21.717705
A_timeseries,FPA ($\phi$=0.9),0.0,24.619442
A_timeseries,FPA ($\phi$=0.9),0.005,24.645463
A_timeseries,FPA ($\phi$=0.9),0.01,24.65449
A_timeseries,FPA ($\phi$=0.9),0.015,24.647933
A_timeseries,FPA ($\phi$=0.9),0.02,24.628704
A_timeseries,FPA ($\phi$=0.9),0.025,24.600674
A_timeseries,FPA ($\phi$=0.9),0.03,24.568079
A_timeseries,FPA ($\phi$=0.9),0.035,24.535004
A_timeseries,FPA ($\phi$=0.9),0.04,24.505012
A_timeseries,FPA ($\phi$=0.9),0.045,24.480933
A_timeseries,FPA ($\phi$=0.9),0.05,24.46476
A_timeseries,FPA ($\phi$=0.9),0.055,24.45764
A_timeseries,FPA ($\phi$=0.9),0.06,24.459905
A_timeseries,FPA ($\phi$=0.9),0.065,24.471133
A_timeseries,FPA ($\phi$=0.9),0.07,24.490226
A_timeseries,FPA ($\phi$=0.9),0.075,24.515511
A_timeseries,FPA ($\phi$=0.9),0.08,24.544866
A_timeseries,FPA ($\phi$=0.9),0.085,24.575871
A_timeseries,FPA ($\phi$=0.9),0.09,24.606005
A_timeseries,FPA ($\phi$=0.9),0.095,24.632871
A_timeseries,FPA ($\phi$=0.9),0.1,24.654429
A_timeseries,FPA ($\phi$=0.9),0.105,24.669212
A_timeseries,FPA ($\phi$=0.9),0.11,24.676491
A_timeseries,FPA ($\phi$=0.9),0.115,24.67633
A_timeseries,FPA ($\phi$=0.9),0.12,24.669552
A_timeseries,FPA ($\phi$=0.9),0.125,24.65759
A_timeseries,FPA ($\phi$=0.9),0.13,24.642286
A_timeseries,FPA ($\phi$=0.9),0.135,24.625655
A_timeseries,FPA ($\phi$=0.9),0.14,24.609667
A_timeseries,FPA ($\phi$=0.9),0.145,24.596063
A_timeseries,FPA ($\phi$=0.9),0.15,24.586228
A_timeseries,FPA ($\phi$=0.9),0.155,24.581101
A_timeseries,FPA ($\phi$=0.9),0.16,24.581141
A_timeseries,FPA ($\phi$=0.9),0.165,24.58632
A_timeseries,FPA ($\phi$=0.9),0.17,24.596153
A_timeseries,FPA ($\phi$=0.9),0.175,24.609755
A_timeseries,FPA ($\phi$=0.9),0.18,24.625923
A_timeseries,FPA ($\phi$=0.9),0.185,24.643247
A_timeseries,FPA ($\phi$=0.9),0.19,24.660234
A_timeseries,FPA ($\phi$=0.9),0.195,24.675457
A_timeseries,FPA ($\phi$=0.9),0.2,24.687695
A_timeseries,FPA ($\phi$=0.9),0.205,24.696064
A_timeseries,FPA ($\phi$=0.9),0.21,24.700105
A_timeseries,FPA ($\phi$=0.9),0.215,24.699823
A_timeseries,FPA ($\phi$=0.9),0.22,24.695676
A_timeseries,FPA ($\phi$=0.9),0.225,24.688497
A_timeseries,FPA ($\phi$=0.9),0.23,24.679383
A_timeseries,FPA ($\phi$=0.9),0.235,24.669563
A_timeseries,FPA ($\phi$=0.9),0.24,24.660263
A_timeseries,FPA ($\phi$=0.9),0.245,24.652583
A_timeseries,FPA ($\phi$=0.9),0.25,24.6474
A_timeseries,FPA ($\phi$=0.9),0.255,24.645302
A_timeseries,FPA ($\phi$=0.9),0.26,24.646552
A_timeseries,FPA ($\phi$=0.9),0.265,24.651077
A_timeseries,FPA ($\phi$=0.9),0.27,24.658488
A_timeseries,FPA ($\phi$=0.9),0.275,24.668126
A_timeseries,FPA ($\phi$=0.9),0.28,24.679128
A_timeseries,FPA ($\phi$=0.9),0.285,24.690511
A_timeseries,FPA ($\phi$=0.9),0.29,24.701277
A_timeseries,FPA ($\phi$=0.9),0.295,24.710508
A_timeseries,FPA ($\phi$=0.9),0.3,24.71747
A_timeseries,FPA ($\phi$=0.9),0.305,24.721688
A_timeseries,FPA ($\phi$=0.9),0.31,24.722994
A_timeseries,FPA ($\phi$=0.9),0.315,24.721538
A_timeseries,FPA ($\phi$=0.9),0.32,24.717762
A_timeseries,FPA ($\phi$=0.9),0.325,24.712335
A_timeseries,FPA ($\phi$=0.9),0.33,24.706075
A_timeseries,FPA ($\phi$=0.9),0.335,24.699848
A_timeseries,FPA ($\phi$=0.9),0.34,24.694476
A_timeseries,FPA ($\phi$=0.9),0.345,24.690654
A_timeseries,FPA ($\phi$=0.9),0.35,24.68889
A_timeseries,FPA ($\phi$=0.9),0.355,24.689456
A_timeseries,FPA ($\phi$=0.9),0.36,24.692378
A_timeseries,FPA ($\phi$=0.9),0.365,24.697434
A_timeseries,FPA ($\phi$=0.9),0.37,24.704189
A_timeseries,FPA ($\phi$=0.9),0.375,24.712037
A_timeseries,FPA ($\phi$=0.9),0.38,24.720272
A_timeseries,FPA ($\phi$=0.9),0.385,24.728156
A_timeseries,FPA ($\phi$=0.9),0.39,24.735005
A_timeseries,FPA ($\phi$=0.9),0.395,24.740261
A_timeseries,FPA ($\phi$=0.9),0.4,24.743556
A_timeseries,FPA ($\phi$=0.9),0.405,24.744747
A_timeseries,FPA ($\phi$=0.9),0.41,24.74393
A_timeseries,FPA ($\phi$=0.9),0.415,24.741422
A_timeseries,FPA ($\phi$=0.9),0.42,24.737718
A_timeseries,FPA ($\phi$=0.9),0.425,24.733426
A_timeseries,FPA ($\phi$=0.9),0.43,24.729198
A_timeseries,FPA ($\phi$=0.9),0.435,24.725653
A_timeseries,FPA ($\phi$=0.9),0.44,24.723312
A_timeseries,FPA ($\phi$=0.9),0.445,24.722549
A_timeseries,FPA ($\phi$=0.9),0.45,24.723553
A_timeseries,FPA ($\phi$=0.9),0.455,24.726315
A_timeseries,FPA ($\phi$=0.9),0.46,24.730634
A_timeseries,FPA ($\phi$=0.9),0.465,24.736142
A_timeseries,FPA ($\phi$=0.9),0.47,24.742348
A_timeseries,FPA ($\phi$=0.9),0.475,24.748691
A_timeseries,FPA ($\phi$=0.9),0.48,24.754604
A_timeseries,FPA ($\phi$=0.9),0.485,24.759579
A_timeseries,FPA ($\phi$=0.9),0.49,24.763225
A_timeseries,FPA ($\phi$=0.9),0.495,24.765312
A_timeseries,FPA ($\phi$=0.9),0.5,24.765794
A_timeseries,FPA ($\phi$=0.9),0.505,24.764815
A_timeseries,FPA ($\phi$=0.9),0.51,24.762681
A_timeseries,FPA ($\phi$=0.9),0.515,24.759826
A_timeseries,FPA ($\phi$=0.9),0.52,24.756751
A_timeseries,FPA ($\phi$=0.9),0.525,24.753969
A_timeseries,FPA ($\phi$=0.9),0.53,24.751941
A_timeseries,FPA ($\phi$=0.9),0.535,24.751029
A_timeseries,FPA ($\phi$=0.9),0.54,24.751458
A_timeseries,FPA ($\phi$=0.9),0.545,24.753291
A_timeseries,FPA ($\phi$=0.9),0.55,24.756433
A_timeseries,FPA ($\phi$=0.9),0.555,24.760636
A_timeseries,FPA ($\phi$=0.9),0.56,24.765536
A_timeseries,FPA ($\phi$=0.9),0.565,24.770693
A_timeseries,FPA ($\phi$=0.9),0.57,24.775645
A_timeseries,FPA ($\phi$=0.9),0.575,24.77996
A_timeseries,FPA ($\phi$=0.9),0.58,24.78329
A_timeseries,FPA ($\phi$=0.9),0.585,24.785409
A_timeseries,FPA ($\phi$=0.9),0.59,24.786244
A_timeseries,FPA ($\phi$=0.9),0.595,24.785876
A_timeseries,FPA ($\phi$=0.9),0.6,24.784531
A_timeseries,FPA ($\phi$=0.9),0.605,24.782544
A_timeseries,FPA ($\phi$=0.9),0.61,24.780322
A_timeseries,FPA ($\phi$=0.9),0.615,24.778286
A_timeseries,FPA ($\phi$=0.9),0.62,24.776827
A_timeseries,FPA ($\phi$=0.9),0.625,24.776252
A_timeseries,FPA ($\phi$=0.9),0.63,24.77676
A_timeseries,FPA ($\phi$=0.9),0.635,24.778411
A_timeseries,FPA ($\phi$=0.9),0.64,24.78113
A_timeseries,FPA ($\phi$=0.9),0.645,24.784713
A_timeseries,FPA ($\phi$=0.9),0.65,24.788856
A_timeseries,FPA ($\phi$=0.9),0.655,24.793191
A_timeseries,FPA ($\phi$=0.9),0.66,24.79733
A_timeseries,FPA ($\phi$=0.9),0.665,24.800918
A_timeseries,FPA ($\phi$=0.9),0.67,24.80367
A_timeseries,FPA ($\phi$=0.9),0.675,24.805413
A_timeseries,FPA ($\phi$=0.9),0.68,24.806101
A_timeseries,FPA ($\phi$=0.9),0.685,24.805822
A_timeseries,FPA ($\phi$=0.9),0.69,24.804784
A_timeseries,FPA ($\phi$=0.9),0.695,24.803282
A_timeseries,FPA ($\phi$=0.9),0.7,24.801667
A_timeseries,FPA ($\phi$=0.9),0.705,24.800293
A_timeseries,FPA ($\phi$=0.9),0.71,24.799476
A_timeseries,FPA ($\phi$=0.9),0.715,24.799455
A_timeseries,FPA ($\phi$=0.9),0.72,24.800366
A_timeseries,FPA ($\phi$=0.9),0.725,24.802224
A_timeseries,FPA ($\phi$=0.9),0.73,24.804927
A_timeseries,FPA ($\phi$=0.9),0.735,24.808265
A_timeseries,FPA ($\phi$=0.9),0.74,24.811954
A_timeseries,FPA ($\phi$=0.9),0.745,24.815668
A_timeseries,FPA ($\phi$=0.9),0.75,24.819081
A_timeseries,FPA ($\phi$=0.9),0.755,24.821912
A_timeseries,FPA ($\phi$=0.9),0.76,24.823958
A_timeseries,FPA ($\phi$=0.9),0.765,24.82512
A_timeseries,FPA ($\phi$=0.9),0.77,24.825417
A_timeseries,FPA ($\phi$=0.9),0.775,24.82498
A_timeseries,FPA ($\phi$=0.9),0.78,24.824033
A_timeseries,FPA ($\phi$=0.9),0.785,24.82286
A_timeseries,FPA ($\phi$=0.9),0.79,24.821772
A_timeseries,FPA ($\phi$=0.9),0.795,24.821058
A_timeseries,FPA ($\phi$=0.9),0.8,24.820957
A_timeseries,FPA ($\phi$=0.9),0.805,24.821621
A_timeseries,FPA ($\phi$=0.9),0.81,24.8231
A_timeseries,FPA ($\phi$=0.9),0.815,24.825336
A_timeseries,FPA ($\phi$=0.9),0.82,24.828175
A_timeseries,FPA ($\phi$=0.9),0.825,24.831384
A_timeseries,FPA ($\phi$=0.9),0.83,24.834684
A_timeseries,FPA ($\phi$=0.9),0.835,24.837787
A_timeseries,FPA ($\phi$=0.9),0.84,24.840437
A_timeseries,FPA ($\phi$=0.9),0.845,24.84244
A_timeseries,FPA ($\phi$=0.9),0.85,24.843692
A_timeseries,FPA ($\phi$=0.9),0.855,24.844192
A_timeseries,FPA ($\phi$=0.9),0.86,24.844039
A_timeseries,FPA ($\phi$=0.9),0.865,24.843422
A_timeseries,FPA ($\phi$=0.9),0.87,24.842586
A_timeseries,FPA ($\phi$=0.9),0.875,24.841803
A_timeseries,FPA ($\phi$=0.9),0.88,24.841331
A_timeseries,FPA ($\phi$=0.9),0.885,24.841383
A_timeseries,FPA ($\phi$=0.9),0.89,24.842095
A_timeseries,FPA ($\phi$=0.9),0.895,24.843515
A_timeseries,FPA ($\phi$=0.9),0.9,24.84559
A_timeseries,FPA ($\phi$=0.9),0.905,24.848181
A_timeseries,FPA ($\phi$=0.9),0.91,24.851081
A_timeseries,FPA ($\phi$=0.9),0.915,24.854039
A_timeseries,FPA ($\phi$=0.9),0.92,24.856804
A_timeseries,FPA ($\phi$=0.9),0.925,24.85915
A_timeseries,FPA ($\phi$=0.9),0.93,24.860914
A_timeseries,FPA ($\phi$=0.9),0.935,24.862017
A_timeseries,FPA ($\phi$=0.9),0.94,24.862472
A_timeseries,FPA ($\phi$=0.9),0.945,24.862383
A_timeseries,FPA ($\phi$=0.9),0.95,24.86193
A_timeseries,FPA ($\phi$=0.9),0.955,24.861337
A_timeseries,FPA ($\phi$=0.9),0.96,24.860849
A_timeseries,FPA ($\phi$=0.9),0.965,24.860689
A_timeseries,FPA ($\phi$=0.9),0.97,24.86103
A_timeseries,FPA ($\phi$=0.9),0.975,24.861973
A_timeseries,FPA ($\phi$=0.9),0.98,24.863533
A_timeseries,FPA ($\phi$=0.9),0.985,24.865637
A_timeseries,FPA ($\phi$=0.9),0.99,24.868135
A_timeseries,FPA ($\phi$=0.9),0.995,24.870825
A_timeseries,FPA ($\phi$=0.9),1.0,24.873477
A_timeseries,FPA ($\phi$=0.9),1.005,24.875871
A_timeseries,FPA ($\phi$=0.9),1.01,24.877825
A_timeseries,FPA ($\phi$=0.9),1.015,24.879224
A_timeseries,FPA ($\phi$=0.9),1.02,24.880033
A_timeseries,FPA ($\phi$=0.9),1.025,24.880304
A_timeseries,FPA ($\phi$=0.9),1.03,24.880166
A_timeseries,FPA ($\phi$=0.9),1.035,24.879805
A_timeseries,FPA ($\phi$=0.9),1.04,24.879438
A_timeseries,FPA ($\phi$=0.9),1.045,24.879278
A_timeseries,FPA ($\phi$=0.9),1.05,24.879505
A_timeseries,FPA ($\phi$=0.9),1.055,24.880241
A_timeseries,FPA ($\phi$=0.9),1.06,24.881529
A_timeseries,FPA ($\phi$=0.9),1.065,24.883334
A_timeseries,FPA ($\phi$=0.9),1.07,24.885544
A_timeseries,FPA ($\phi$=0.9),1.075,24.887989
A_timeseries,FPA ($\phi$=0.9),1.08,24.890466
A_timeseries,FPA ($\phi$=0.9),1.085,24.892768
A_timeseries,FPA ($\phi$=0.9),1.09,24.894718
A_timeseries,FPA ($\phi$=0.9),1.095,24.896192
A_timeseries,FPA ($\phi$=0.9),1.1,24.897139
A_timeseries,FPA ($\phi$=0.9),1.105,24.897588
A_timeseries,FPA ($\phi$=0.9),1.11,24.897641
A_timeseries,FPA ($\phi$=0.9),1.115,24.89746
A_timeseries,FPA ($\phi$=0.9),1.12,24.897238
A_timeseries,FPA ($\phi$=0.9),1.125,24.897174
A_timeseries,FPA ($\phi$=0.9),1.13,24.897437
A_timeseries,FPA ($\phi$=0.9),1.135,24.898146
A_timeseries,FPA ($\phi$=0.9),1.14,24.899352
A_timeseries,FPA ($\phi$=0.9),1.145,24.901028
A_timeseries,FPA ($\phi$=0.9),1.15,24.903078
A_timeseries,FPA ($\phi$=0.9),1.155,24.905348
A_timeseries,FPA ($\phi$=0.9),1.16,24.907653
A_timeseries,FPA ($\phi$=0.9),1.165,24.909803
A_timeseries,FPA ($\phi$=0.9),1.17,24.911636
A_timeseries,FPA ($\phi$=0.9),1.175,24.913038
A_timeseries,FPA ($\phi$=0.9),1.18,24.913964
A_timeseries,FPA ($\phi$=0.9),1.185,24.914443
A_timeseries,FPA ($\phi$=0.9),1.19,24.914573
A_timeseries,FPA ($\phi$=0.9),1.195,24.914506
A_timeseries,FPA ($\phi$=0.9),1.2,24.91442
A_timeseries,FPA ($\phi$=0.9),1.205,24.914497
A_timeseries,FPA ($\phi$=0.9),1.21,24.914889
A_timeseries,FPA ($\phi$=0.9),1.215,24.915697
A_timeseries,FPA ($\phi$=0.9),1.22,24.916955
A_timeseries,FPA ($\phi$=0.9),1.225,24.918629
A_timeseries,FPA ($\phi$=0.9),1.23,24.920616
A_timeseries,FPA ($\phi$=0.9),1.235,24.922767
A_timeseries,FPA ($\phi$=0.9),1.24,24.924908
A_timeseries,FPA ($\phi$=0.9),1.245,24.926867
A_timeseries,FPA ($\phi$=0.9),1.25,24.928504
A_timeseries,FPA ($\phi$=0.9),1.255,24.929731
A_timeseries,FPA ($\phi$=0.9),1.26,24.930525
A_timeseries,FPA ($\phi$=0.9),1.265,24.930934
A_timeseries,FPA ($\phi$=0.9),1.27,24.931068
A_timeseries,FPA ($\phi$=0.9),1.275,24.931079
A_timeseries,FPA ($\phi$=0.9),1.28,24.931135
A_timeseries,FPA ($\phi$=0.9),1.285,24.931399
A_timeseries,FPA ($\phi$=0.9),1.29,24.931994
A_timeseries,FPA ($\phi$=0.9),1.295,24.93299
A_timeseries,FPA ($\phi$=0.9),1.3,24.934391
A_timeseries,FPA ($\phi$=0.9),1.305,24.936136
A_timeseries,FPA ($\phi$=0.9),1.31,24.938108
A_timeseries,FPA ($\phi$=0.9),1.315,24.940153
A_timeseries,FPA ($\phi$=0.9),1.32,24.942107
A_timeseries,FPA ($\phi$=0.9),1.325,24.943822
A_timeseries,FPA ($\phi$=0.9),1.33,24.945192
A_timeseries,FPA ($\phi$=0.9),1.335,24.946166
A_timeseries,FPA ($\phi$=0.9),1.34,24.946762
A_timeseries,FPA ($\phi$=0.9),1.345,24.947057
A_timeseries,FPA ($\phi$=0.9),1.35,24.947181
A_timeseries,FPA ($\phi$=0.9),1.355,24.947287
A_timeseries,FPA ($\phi$=0.9),1.36,24.947532
A_timeseries,FPA ($\phi$=0.9),1.365,24.948046
A_timeseries,FPA ($\phi$=0.9),1.37,24.948914
A_timeseries,FPA ($\phi$=0.9),1.375,24.950161
A_timeseries,FPA ($\phi$=0.9),1.38,24.951747
A_timeseries,FPA ($\phi$=0.9),1.385,24.953575
A_timeseries,FPA ($\phi$=0.9),1.39,24.955511
A_timeseries,FPA ($\phi$=0.9),1.395,24.957401
A_timeseries,FPA ($\phi$=0.9),1.4,24.959101
A_timeseries,FPA ($\phi$=0.9),1.405,24.960499
A_timeseries,FPA ($\phi$=0.9),1.41,24.961537
A_timeseries,FPA ($\phi$=0.9),1.415,24.962218
A_timeseries,FPA ($\phi$=0.9),1.42,24.962607
A_timeseries,FPA ($\phi$=0.9),1.425,24.962815
A_timeseries,FPA ($\phi$=0.9),1.43,24.962987
A_timeseries,FPA ($\phi$=0.9),1.435,24.963269
A_timeseries,FPA ($\phi$=0.9),1.44,24.963789
A_timeseries,FPA ($\phi$=0.9),1.445,24.964632
A_timeseries,FPA ($\phi$=0.9),1.45,24.965824
A_timeseries,FPA ($\phi$=0.9),1.455,24.967334
A_timeseries,FPA ($\phi$=0.9),1.46,24.969074
A_timeseries,FPA ($\phi$=0.9),1.465,24.970917
A_timeseries,FPA ($\phi$=0.9),1.47,24.97272
A_timeseries,FPA ($\phi$=0.9),1.475,24.974347
A_timeseries,FPA ($\phi$=0.9),1.48,24.975693
A_timeseries,FPA ($\phi$=0.9),1.485,24.976704
A_timeseries,FPA ($\phi$=0.9),1.49,24.977386
A_timeseries,FPA ($\phi$=0.9),1.495,24.977801
A_timeseries,FPA ($\phi$=0.9),1.5,24.978059
A_timeseries,FPA ($\phi$=0.9),1.505,24.978295
A_timeseries,FPA ($\phi$=0.9),1.51,24.978648
A_timeseries,FPA ($\phi$=0.9),1.515,24.979234
A_timeseries,FPA ($\phi$=0.9),1.52,24.980126
A_timeseries,FPA ($\phi$=0.9),1.525,24.981343
A_timeseries,FPA ($\phi$=0.9),1.53,24.982845
A_timeseries,FPA ($\phi$=0.9),1.535,24.984541
A_timeseries,FPA ($\phi$=0.9),1.54,24.986307
A_timeseries,FPA ($\phi$=0.9),1.545,24.988007
A_timeseries,FPA ($\phi$=0.9),1.55,24.989516
A_timeseries,FPA ($\phi$=0.9),1.555,24.990748
A_timeseries,FPA ($\phi$=0.9),1.56,24.991663
A_timeseries,FPA ($\phi$=0.9),1.565,24.992282
A_timeseries,FPA ($\phi$=0.9),1.57,24.992678
A_timeseries,FPA ($\phi$=0.9),1.575,24.992965
A_timeseries,FPA ($\phi$=0.9),1.58,24.993273
A_timeseries,FPA ($\phi$=0.9),1.585,24.99373
A_timeseries,FPA ($\phi$=0.9),1.59,24.994434
A_timeseries,FPA ($\phi$=0.9),1.595,24.995435
A_timeseries,FPA ($\phi$=0.9),1.6,24.996732
A_timeseries,FPA ($\phi$=0.9),1.605,24.998267
A_timeseries,FPA ($\phi$=0.9),1.61,24.999939
A_timeseries,FPA ($\phi$=0.9),1.615,25.001622
A_timeseries,FPA ($\phi$=0.9),1.62,25.003189
A_timeseries,FPA ($\phi$=0.9),1.625,25.004537
A_timeseries,FPA ($\phi$=0.9),1.63,25.0056
A_timeseries,FPA ($\phi$=0.9),1.635,25.00637
A_timeseries,FPA ($\phi$=0.9),1.64,25.006891
A_timeseries,FPA ($\phi$=0.9),1.645,25.007255
A_timeseries,FPA ($\phi$=0.9),1.65,25.007579
A_timeseries,FPA ($\phi$=0.9),1.655,25.00799
A_timeseries,FPA ($\phi$=0.9),1.66,25.008595
A_timeseries,FPA ($\phi$=0.9),1.665,25.009466
A_timeseries,FPA ($\phi$=0.9),1.67,25.01062
A_timeseries,FPA ($\phi$=0.9),1.675,25.012025
A_timeseries,FPA ($\phi$=0.9),1.68,25.013599
A_timeseries,FPA ($\phi$=0.9),1.685,25.015229
A_timeseries,FPA ($\phi$=0.9),1.69,25.016791
A_timeseries,FPA ($\phi$=0.9),1.695,25.018177
A_timeseries,FPA ($\phi$=0.9),1.7,25.019311
A_timeseries,FPA ($\phi$=0.9),1.705,25.020167
A_timeseries,FPA ($\phi$=0.9),1.71,25.020771
A_timeseries,FPA ($\phi$=0.9),1.715,25.021198
A_timeseries,FPA ($\phi$=0.9),1.72,25.021556
A_timeseries,FPA ($\phi$=0.9),1.725,25.021966
A_timeseries,FPA ($\phi$=0.9),1.73,25.022536
A_timeseries,FPA ($\phi$=0.9),1.735,25.023345
A_timeseries,FPA ($\phi$=0.9),1.74,25.024421
A_timeseries,FPA ($\phi$=0.9),1.745,25.025743
A_timeseries,FPA ($\phi$=0.9),1.75,25.027242
A_timeseries,FPA ($\phi$=0.9),1.755,25.028813
A_timeseries,FPA ($\phi$=0.9),1.76,25.030338
A_timeseries,FPA ($\phi$=0.9),1.765,25.031711
A_timeseries,FPA ($\phi$=0.9),1.77,25.032853
A_timeseries,FPA ($\phi$=0.9),1.775,25.033734
A_timeseries,FPA ($\phi$=0.9),1.78,25.034371
A_timeseries,FPA ($\phi$=0.9),1.785,25.034834
A_timeseries,FPA ($\phi$=0.9),1.79,25.035224
A_timeseries,FPA ($\phi$=0.9),1.795,25.035655
A_timeseries,FPA ($\phi$=0.9),1.8,25.036233
A_timeseries,FPA ($\phi$=0.9),1.805,25.037033
A_timeseries,FPA ($\phi$=0.9),1.81,25.038087
A_timeseries,FPA ($\phi$=0.9),1.815,25.039372
A_timeseries,FPA ($\phi$=0.9),1.82,25.040824
A_timeseries,FPA ($\phi$=0.9),1.825,25.042342
A_timeseries,FPA ($\phi$=0.9),1.83,25.043815
A_timeseries,FPA ($\phi$=0.9),1.835,25.045138
A_timeseries,FPA ($\phi$=0.9),1.84,25.04624
A_timeseries,FPA ($\phi$=0.9),1.845,25.047094
A_timeseries,FPA ($\phi$=0.9),1.85,25.047722
A_timeseries,FPA ($\phi$=0.9),1.855,25.048193
A_timeseries,FPA ($\phi$=0.9),1.86,25.048607
A_timeseries,FPA ($\phi$=0.9),1.865,25.049074
A_timeseries,FPA ($\phi$=0.9),1.87,25.049692
A_timeseries,FPA ($\phi$=0.9),1.875,25.050528
A_timeseries,FPA ($\phi$=0.9),1.88,25.051603
A_timeseries,FPA ($\phi$=0.9),1.885,25.05289
A_timeseries,FPA ($\phi$=0.9),1.89,25.054318
A_timeseries,FPA ($\phi$=0.9),1.895,25.055787
A_timeseries,FPA ($\phi$=0.9),1.9,25.05719
A_timeseries,FPA ($\phi$=0.9),1.905,25.058432
A_timeseries,FPA ($\phi$=0.9),1.91,25.059453
A_timeseries,FPA ($\phi$=0.9),1.915,25.060241
A_timeseries,FPA ($\phi$=0.9),1.92,25.060828
A_timeseries,FPA ($\phi$=0.9),1.925,25.061291
A_timeseries,FPA ($\phi$=0.9),1.93,25.06173
A_timeseries,FPA ($\phi$=0.9),1.935,25.062251
A_timeseries,FPA ($\phi$=0.9),1.94,25.062939
A_timeseries,FPA ($\phi$=0.9),1.945,25.063847
A_timeseries,FPA ($\phi$=0.9),1.95,25.064978
A_timeseries,FPA ($\phi$=0.9),1.955,25.066291
A_timeseries,FPA ($\phi$=0.9),1.96,25.067703
A_timeseries,FPA ($\phi$=0.9),1.965,25.069114
A_timeseries,FPA ($\phi$=0.9),1.97,25.070423
A_timeseries,FPA ($\phi$=0.9),1.975,25.071551
A_timeseries,FPA ($\phi$=0.9),1.98,25.072458
A_timeseries,FPA ($\phi$=0.9),1.985,25.073151
A_timeseries,FPA ($\phi$=0.9),1.99,25.073683
A_timeseries,FPA ($\phi$=0.9),1.995,25.074139
A_timeseries,FPA ($\phi$=0.9),2.0,25.074621
A_timeseries,FPA ($\phi$=0.9),2.005,25.075224
A_timeseries,FPA ($\phi$=0.9),2.01,25.076016
A_timeseries,FPA ($\phi$=0.9),2.015,25.077026
A_timeseries,FPA ($\phi$=0.9),2.02,25.078231
A_timeseries,FPA ($\phi$=0.9),2.025,25.079571
A_timeseries,FPA ($\phi$=0.9),2.03,25.080954
A_timeseries,FPA ($\phi$=0.9),2.035,25.082279
A_timeseries,FPA ($\phi$=0.9),2.04,25.08346
A_timeseries,FPA ($\phi$=0.9),2.045,25.084441
A_timeseries,FPA ($\phi$=0.9),2.05,25.085209
A_timeseries,FPA ($\phi$=0.9),2.055,25.0858
A_timeseries,FPA ($\phi$=0.9),2.06,25.086285
A_timeseries,FPA ($\phi$=0.9),2.065,25.08676
A_timeseries,FPA ($\phi$=0.9),2.07,25.087322
A_timeseries,FPA ($\phi$=0.9),2.075,25.088046
A_timeseries,FPA ($\phi$=0.9),2.08,25.088973
A_timeseries,FPA ($\phi$=0.9),2.085,25.090098
A_timeseries,FPA ($\phi$=0.9),2.09,25.091372
A_timeseries,FPA ($\phi$=0.9),2.095,25.092714
A_timeseries,FPA ($\phi$=0.9),2.1,25.094027
A_timeseries,FPA ($\phi$=0.9),2.105,25.095221
A_timeseries,FPA ($\phi$=0.9),2.11,25.096233
A_timeseries,FPA ($\phi$=0.9),2.115,25.097041
A_timeseries,FPA ($\phi$=0.9),2.12,25.097668
A_timeseries,FPA ($\phi$=0.9),2.125,25.098178
A_timeseries,FPA ($\phi$=0.9),2.13,25.098659
A_timeseries,FPA ($\phi$=0.9),2.135,25.099205
A_timeseries,FPA ($\phi$=0.9),2.14,25.099897
A_timeseries,FPA ($\phi$=0.9),2.145,25.100779
A_timeseries,FPA ($\phi$=0.9),2.15,25.101854
A_timeseries,FPA ($\phi$=0.9),2.155,25.10308
A_timeseries,FPA ($\phi$=0.9),2.16,25.104382
A_timeseries,FPA ($\phi$=0.9),2.165,25.105667
A_timeseries,FPA ($\phi$=0.9),2.17,25.106847
A_timeseries,FPA ($\phi$=0.9),2.175,25.107856
A_timeseries,FPA ($\phi$=0.9),2.18,25.10867
A_timeseries,FPA ($\phi$=0.9),2.185,25.109308
A_timeseries,FPA ($\phi$=0.9),2.19,25.109828
A_timeseries,FPA ($\phi$=0.9),2.195,25.110318
A_timeseries,FPA ($\phi$=0.9),2.2,25.110867
A_timeseries,FPA ($\phi$=0.9),2.205,25.111554
A_timeseries,FPA ($\phi$=0.9),2.21,25.112423
A_timeseries,FPA ($\phi$=0.9),2.215,25.113477
A_timeseries,FPA ($\phi$=0.9),2.22,25.114674
A_timeseries,FPA ($\phi$=0.9),2.225,25.115943
A_timeseries,FPA ($\phi$=0.9),2.23,25.117191
A_timeseries,FPA ($\phi$=0.9),2.235,25.118334
A_timeseries,FPA ($\phi$=0.9),2.24,25.119312
A_timeseries,FPA ($\phi$=0.9),2.245,25.120102
A_timeseries,FPA ($\phi$=0.9),2.25,25.120727
A_timeseries,FPA ($\phi$=0.9),2.255,25.121246
A_timeseries,FPA ($\phi$=0.9),2.26,25.121745
A_timeseries,FPA ($\phi$=0.9),2.265,25.12231
A_timeseries,FPA ($\phi$=0.9),2.27,25.123015
A_timeseries,FPA ($\phi$=0.9),2.275,25.123898
A_timeseries,FPA ($\phi$=0.9),2.28,25.124955
A_timeseries,FPA ($\phi$=0.9),2.285,25.12614
A_timeseries,FPA ($\phi$=0.9),2.29,25.127378
A_timeseries,FPA ($\phi$=0.9),2.295,25.128581
A_timeseries,FPA ($\phi$=0.9),2.3,25.12967
A_timeseries,FPA ($\phi$=0.9),2.305,25.130591
A_timeseries,FPA ($\phi$=0.9),2.31,25.131333
A_timeseries,FPA ($\phi$=0.9),2.315,25.131927
A_timeseries,FPA ($\phi$=0.9),2.32,25.132437
A_timeseries,FPA ($\phi$=0.9),2.325,25.132949
A_timeseries,FPA ($\phi$=0.9),2.33,25.133546
A_timeseries,FPA ($\phi$=0.9),2.335,25.134291
A_timeseries,FPA ($\phi$=0.9),2.34,25.13521
A_timeseries,FPA ($\phi$=0.9),2.345,25.136287
A_timeseries,FPA ($\phi$=0.9),2.35,25.137468
A_timeseries,FPA ($\phi$=0.9),2.355,25.138673
A_timeseries,FPA ($\phi$=0.9),2.36,25.139816
A_timeseries,FPA ($\phi$=0.9),2.365,25.140829
A_timeseries,FPA ($\phi$=0.9),2.37,25.141672
A_timeseries,FPA ($\phi$=0.9),2.375,25.142349
A_timeseries,FPA ($\phi$=0.9),2.38,25.142903
A_timeseries,FPA ($\phi$=0.9),2.385,25.143407
A_timeseries,FPA ($\phi$=0.9),2.39,25.143945
A_timeseries,FPA ($\phi$=0.9),2.395,25.144593
A_timeseries,FPA ($\phi$=0.9),2.4,25.145399
A_timeseries,FPA ($\phi$=0.9),2.405,25.14637
A_timeseries,FPA ($\phi$=0.9),2.41,25.147475
A_timeseries,FPA ($\phi$=0.9),2.415,25.148647
A_timeseries,FPA ($\phi$=0.9),2.42,25.149804
A_timeseries,FPA ($\phi$=0.9),2.425,25.150867
A_timeseries,FPA ($\phi$=0.9),2.43,25.151782
A_timeseries,FPA ($\phi$=0.9),2.435,25.15253
A_timeseries,FPA ($\phi$=0.9),2.44,25.153134
A_timeseries,FPA ($\phi$=0.9),2.445,25.153653
A_timeseries,FPA ($\phi$=0.9),2.45,25.154166
A_timeseries,FPA ($\phi$=0.9),2.455,25.154753
A_timeseries,FPA ($\phi$=0.9),2.46,25.155475
A_timeseries,FPA ($\phi$=0.9),2.465,25.156359
A_timeseries,FPA ($\phi$=0.9),2.47,25.157389
A_timeseries,FPA ($\phi$=0.9),2.475,25.158514
A_timeseries,FPA ($\phi$=0.9),2.48,25.159658
A_timeseries,FPA ($\phi$=0.9),2.485,25.160741
A_timeseries,FPA ($\phi$=0.9),2.49,25.161698
A_timeseries,FPA ($\phi$=0.9),2.495,25.162495
A_timeseries,FPA ($\phi$=0.9),2.5,25.163141
A_timeseries,FPA ($\phi$=0.9),2.505,25.163681
A_timeseries,FPA ($\phi$=0.9),2.51,25.164187
A_timeseries,FPA ($\phi$=0.9),2.515,25.164739
A_timeseries,FPA ($\phi$=0.9),2.52,25.165405
A_timeseries,FPA ($\phi$=0.9),2.525,25.166222
A_timeseries,FPA ($\phi$=0.9),2.53,25.16719
A_timeseries,FPA ($\phi$=0.9),2.535,25.168267
A_timeseries,FPA ($\phi$=0.9),2.54,25.169386
A_timeseries,FPA ($\phi$=0.9),2.545,25.170467
A_timeseries,FPA ($\phi$=0.9),2.55,25.171441
A_timeseries,FPA ($\phi$=0.9),2.555,25.172265
A_timeseries,FPA ($\phi$=0.9),2.56,25.172938
A_timeseries,FPA ($\phi$=0.9),2.565,25.173494
A_timeseries,FPA ($\phi$=0.9),2.57,25.173999
A_timeseries,FPA ($\phi$=0.9),2.575,25.174533
A_timeseries,FPA ($\phi$=0.9),2.58,25.175164
A_timeseries,FPA ($\phi$=0.9),2.585,25.175937
A_timeseries,FPA ($\phi$=0.9),2.59,25.176859
A_timeseries,FPA ($\phi$=0.9),2.595,25.177896
A_timeseries,FPA ($\phi$=0.9),2.6,25.178986
A_timeseries,FPA ($\phi$=0.9),2.605,25.180052
A_timeseries,FPA ($\phi$=0.9),2.61,25.181023
A_timeseries,FPA ($\phi$=0.9),2.615,25.181853
A_timeseries,FPA ($\phi$=0.9),2.62,25.182534
A_timeseries,FPA ($\phi$=0.9),2.625,25.183097
A_timeseries,FPA ($\phi$=0.9),2.63,25.183602
A_timeseries,FPA ($\phi$=0.9),2.635,25.184126
A_timeseries,FPA ($\phi$=0.9),2.64,25.184739
A_timeseries,FPA ($\phi$=0.9),2.645,25.185487
A_timeseries,FPA ($\phi$=0.9),2.65,25.186379
A_timeseries,FPA ($\phi$=0.9),2.655,25.187387
A_timeseries,FPA ($\phi$=0.9),2.66,25.18845
A_timeseries,FPA ($\phi$=0.9),2.665,25.189492
A_timeseries,FPA ($\phi$=0.9),2.67,25.190445
A_timeseries,FPA ($\phi$=0.9),2.675,25.191263
A_timeseries,FPA ($\phi$=0.9),2.68,25.191936
A_timeseries,FPA ($\phi$=0.9),2.685,25.192493
A_timeseries,FPA ($\phi$=0.9),2.69,25.192995
A_timeseries,FPA ($\phi$=0.9),2.695,25.193516
A_timeseries,FPA ($\phi$=0.9),2.7,25.194124
A_timeseries,FPA ($\phi$=0.9),2.705,25.194863
A_timeseries,FPA ($\phi$=0.9),2.71,25.195742
A_timeseries,FPA ($\phi$=0.9),2.715,25.196731
A_timeseries,FPA ($\phi$=0.9),2.72,25.197768
A_timeseries,FPA ($\phi$=0.9),2.725,25.198782
A_timeseries,FPA ($\phi$=0.9),2.73,25.199704
A_timeseries,FPA ($\phi$=0.9),2.735,25.200493
A_timeseries,FPA ($\phi$=0.9),2.74,25.201143
A_timeseries,FPA ($\phi$=0.9),2.745,25.201686
A_timeseries,FPA ($\phi$=0.9),2.75,25.202182
A_timeseries,FPA ($\phi$=0.9),2.755,25.202705
A_timeseries,FPA ($\phi$=0.9),2.76,25.203319
A_timeseries,FPA ($\phi$=0.9),2.765,25.204065
A_timeseries,FPA ($\phi$=0.9),2.77,25.204943
A_timeseries,FPA ($\phi$=0.9),2.775,25.20592
A_timeseries,FPA ($\phi$=0.9),2.78,25.206934
A_timeseries,FPA ($\phi$=0.9),2.785,25.207911
A_timeseries,FPA ($\phi$=0.9),2.79,25.208791
A_timeseries,FPA ($\phi$=0.9),2.795,25.209537
A_timeseries,FPA ($\phi$=0.9),2.8,25.210151
A_timeseries,FPA ($\phi$=0.9),2.805,25.210672
A_timeseries,FPA ($\phi$=0.9),2.81,25.211163
A_timeseries,FPA ($\phi$=0.9),2.815,25.211695
A_timeseries,FPA ($\phi$=0.9),2.82,25.212328
A_timeseries,FPA ($\phi$=0.9),2.825,25.213092
A_timeseries,FPA ($\phi$=0.9),2.83,25.21398
A_timeseries,FPA ($\phi$=0.9),2.835,25.214949
A_timeseries,FPA ($\phi$=0.9),2.84,25.215936
A_timeseries,FPA ($\phi$=0.9),2.845,25.216868
A_timeseries,FPA ($\phi$=0.9),2.85,25.217692
A_timeseries,FPA ($\phi$=0.9),2.855,25.218383
A_timeseries,FPA ($\phi$=0.9),2.86,25.218954
A_timeseries,FPA ($\phi$=0.9),2.865,25.219451
A_timeseries,FPA ($\phi$=0.9),2.87,25.219942
A_timeseries,FPA ($\phi$=0.9),2.875,25.220494
A_timeseries,FPA ($\phi$=0.9),2.88,25.221158
A_timeseries,FPA ($\phi$=0.9),2.885,25.221951
A_timeseries,FPA ($\phi$=0.9),2.89,25.222852
A_timeseries,FPA ($\phi$=0.9),2.895,25.223812
A_timeseries,FPA ($\phi$=0.9),2.9,25.224762
A_timeseries,FPA ($\phi$=0.9),2.905,25.225637
A_timeseries,FPA ($\phi$=0.9),2.91,25.226392
A_timeseries,FPA ($\phi$=0.9),2.915,25.227019
A_timeseries,FPA ($\phi$=0.9),2.92,25.227544
A_timeseries,FPA ($\phi$=0.9),2.925,25.228024
A_timeseries,FPA ($\phi$=0.9),2.93,25.228526
A_timeseries,FPA ($\phi$=0.9),2.935,25.229112
A_timeseries,FPA ($\phi$=0.9),2.94,25.229818
A_timeseries,FPA ($\phi$=0.9),2.945,25.230645
A_timeseries,FPA ($\phi$=0.9),2.95,25.231558
A_timeseries,FPA ($\phi$=0.9),2.955,25.232498
A_timeseries,FPA ($\phi$=0.9),2.96,25.233397
A_timeseries,FPA ($\phi$=0.9),2.965,25.234198
A_timeseries,FPA ($\phi$=0.9),2.97,25.234875
A_timeseries,FPA ($\phi$=0.9),2.975,25.235435
A_timeseries,FPA ($\phi$=0.9),2.98,25.235921
A_timeseries,FPA ($\phi$=0.9),2.985,25.236396
A_timeseries,FPA ($\phi$=0.9),2.99,25.236926
A_timeseries,FPA ($\phi$=0.9),2.995,25.237561
A_timeseries,FPA ($\phi$=0.9),3.0,25.238317
A_timeseries,FPA ($\phi$=0.9),3.005,25.239177
A_timeseries,FPA ($\phi$=0.9),3.01,25.24009
A_timeseries,FPA ($\phi$=0.9),3.015,25.240992
A_timeseries,FPA ($\phi$=0.9),3.02,25.241819
A_timeseries,FPA ($\phi$=0.9),3.025,25.242532
A_timeseries,FPA ($\phi$=0.9),3.03,25.243124
A_timeseries,FPA ($\phi$=0.9),3.035,25.243624
A_timeseries,FPA ($\phi$=0.9),3.04,25.244087
A_timeseries,FPA ($\phi$=0.9),3.045,25.24458
A_timeseries,FPA ($\phi$=0.9),3.05,25.24516
A_timeseries,FPA ($\phi$=0.9),3.055,25.245855
A_timeseries,FPA ($\phi$=0.9),3.06,25.246661
A_timeseries,FPA ($\phi$=0.9),3.065,25.24754
A_timeseries,FPA ($\phi$=0.9),3.07,25.24843
A_timeseries,FPA ($\phi$=0.9),3.075,25.249267
A_timeseries,FPA ($\phi$=0.9),3.08,25.250003
A_timeseries,FPA ($\phi$=0.9),3.085,25.250619
A_timeseries,FPA ($\phi$=0.9),3.09,25.251133
A_timeseries,FPA ($\phi$=0.9),3.095,25.251592
A_timeseries,FPA ($\phi$=0.9),3.1,25.25206
A_timeseries,FPA ($\phi$=0.9),3.105,25.252598
A_timeseries,FPA ($\phi$=0.9),3.11,25.253244
A_timeseries,FPA ($\phi$=0.9),3.115,25.254003
A_timeseries,FPA ($\phi$=0.9),3.12,25.254846
A_timeseries,FPA ($\phi$=0.9),3.125,25.255716
A_timeseries,FPA ($\phi$=0.9),3.13,25.256551
A_timeseries,FPA ($\phi$=0.9),3.135,25.257296
A_timeseries,FPA ($\phi$=0.9),3.14,25.257926
A_timeseries,FPA ($\phi$=0.9),3.145,25.258448
A_timeseries,FPA ($\phi$=0.9),3.15,25.258905
A_timeseries,FPA ($\phi$=0.9),3.155,25.259357
A_timeseries,FPA ($\phi$=0.9),3.16,25.259865
A_timeseries,FPA ($\phi$=0.9),3.165,25.260472
A_timeseries,FPA ($\phi$=0.9),3.17,25.261192
A_timeseries,FPA ($\phi$=0.9),3.175,25.262001
A_timeseries,FPA ($\phi$=0.9),3.18,25.262849
A_timeseries,FPA ($\phi$=0.9),3.185,25.263672
A_timeseries,FPA ($\phi$=0.9),3.19,25.264416
A_timeseries,FPA ($\phi$=0.9),3.195,25.265049
A_timeseries,FPA ($\phi$=0.9),3.2,25.265574
A_timeseries,FPA ($\phi$=0.9),3.205,25.266027
A_timeseries,FPA ($\phi$=0.9),3.21,25.266465
A_timeseries,FPA ($\phi$=0.9),3.215,25.266951
A_timeseries,FPA ($\phi$=0.9),3.22,25.267531
A_timeseries,FPA ($\phi$=0.9),3.225,25.26822
A_timeseries,FPA ($\phi$=0.9),3.23,25.269001
A_timeseries,FPA ($\phi$=0.9),3.235,25.269825
A_timeseries,FPA ($\phi$=0.9),3.24,25.270632
A_timeseries,FPA ($\phi$=0.9),3.245,25.271365
A_timeseries,FPA ($\phi$=0.9),3.25,25.271991
A_timeseries,FPA ($\phi$=0.9),3.255,25.27251
A_timeseries,FPA ($\phi$=0.9),3.26,25.272956
A_timeseries,FPA ($\phi$=0.9),3.265,25.273383
A_timeseries,FPA ($\phi$=0.9),3.27,25.273854
A_timeseries,FPA ($\phi$=0.9),3.275,25.274414
A_timeseries,FPA ($\phi$=0.9),3.28,25.275081
A_timeseries,FPA ($\phi$=0.9),3.285,25.275838
A_timeseries,FPA ($\phi$=0.9),3.29,25.27664
A_timeseries,FPA ($\phi$=0.9),3.295,25.277426
A_timeseries,FPA ($\phi$=0.9),3.3,25.278141
A_timeseries,FPA ($\phi$=0.9),3.305,25.278752
A_timeseries,FPA ($\phi$=0.9),3.31,25.279258
A_timeseries,FPA ($\phi$=0.9),3.315,25.279692
A_timeseries,FPA ($\phi$=0.9),3.32,25.280109
A_timeseries,FPA ($\phi$=0.9),3.325,25.280569
A_timeseries,FPA ($\phi$=0.9),3.33,25.281117
A_timeseries,FPA ($\phi$=0.9),3.335,25.281769
A_timeseries,FPA ($\phi$=0.9),3.34,25.282509
A_timeseries,FPA ($\phi$=0.9),3.345,25.283289
A_timeseries,FPA ($\phi$=0.9),3.35,25.284051
A_timeseries,FPA ($\phi$=0.9),3.355,25.284742
A_timeseries,FPA ($\phi$=0.9),3.36,25.285329
A_timeseries,FPA ($\phi$=0.9),3.365,25.285816
A_timeseries,FPA ($\phi$=0.9),3.37,25.286235
A_timeseries,FPA ($\phi$=0.9),3.375,25.286643
A_timeseries,FPA ($\phi$=0.9),3.38,25.287097
A_timeseries,FPA ($\phi$=0.9),3.385,25.287639
A_timeseries,FPA ($\phi$=0.9),3.39,25.288284
A_timeseries,FPA ($\phi$=0.9),3.395,25.289009
A_timeseries,FPA ($\phi$=0.9),3.4,25.289769
A_timeseries,FPA ($\phi$=0.9),3.405,25.290504
A_timeseries,FPA ($\phi$=0.9),3.41,25.291163
A_timeseries,FPA ($\phi$=0.9),3.415,25.29172
A_timeseries,FPA ($\phi$=0.9),3.42,25.292181
A_timeseries,FPA ($\phi$=0.9),3.425,25.292583
A_timeseries,FPA ($\phi$=0.9),3.43,25.292983
A_timeseries,FPA ($\phi$=0.9),3.435,25.293436
A_timeseries,FPA ($\phi$=0.9),3.44,25.293979
A_timeseries,FPA ($\phi$=0.9),3.445,25.294621
A_timeseries,FPA ($\phi$=0.9),3.45,25.295336
A_timeseries,FPA ($\phi$=0.9),3.455,25.296074
A_timeseries,FPA ($\phi$=0.9),3.46,25.296777
A_timeseries,FPA ($\phi$=0.9),3.465,25.297399
A_timeseries,FPA ($\phi$=0.9),3.47,25.297919
A_timeseries,FPA ($\phi$=0.9),3.475,25.298351
A_timeseries,FPA ($\phi$=0.9),3.48,25.298736
A_timeseries,FPA ($\phi$=0.9),3.485,25.299131
A_timeseries,FPA ($\phi$=0.9),3.49,25.299588
A_timeseries,FPA ($\phi$=0.9),3.495,25.300138
A_timeseries,FPA ($\phi$=0.9),3.5,25.300782
A_timeseries,FPA ($\phi$=0.9),3.505,25.301486
A_timeseries,FPA ($\phi$=0.9),3.51,25.302199
A_timeseries,FPA ($\phi$=0.9),3.515,25.302865
A_timeseries,FPA ($\phi$=0.9),3.52,25.303443
A_timeseries,FPA ($\phi$=0.9),3.525,25.303922
A_timeseries,FPA ($\phi$=0.9),3.53,25.304323
A_timeseries,FPA ($\phi$=0.9),3.535,25.304693
A_timeseries,FPA ($\phi$=0.9),3.54,25.305088
A_timeseries,FPA ($\phi$=0.9),3.545,25.305555
A_timeseries,FPA ($\phi$=0.9),3.55,25.306117
A_timeseries,FPA ($\phi$=0.9),3.555,25.306764
A_timeseries,FPA ($\phi$=0.9),3.56,25.307456
A_timeseries,FPA ($\phi$=0.9),3.565,25.308139
A_timeseries,FPA ($\phi$=0.9),3.57,25.30876
A_timeseries,FPA ($\phi$=0.9),3.575,25.309289
A_timeseries,FPA ($\phi$=0.9),3.58,25.309724
A_timeseries,FPA ($\phi$=0.9),3.585,25.310096
A_timeseries,FPA ($\phi$=0.9),3.59,25.310455
A_timeseries,FPA ($\phi$=0.9),3.595,25.310857
A_timeseries,FPA ($\phi$=0.9),3.6,25.311341
A_timeseries,FPA ($\phi$=0.9),3.605,25.311918
A_timeseries,FPA ($\phi$=0.9),3.61,25.312566
A_timeseries,FPA ($\phi$=0.9),3.615,25.31324
A_timeseries,FPA ($\phi$=0.9),3.62,25.313885
A_timeseries,FPA ($\phi$=0.9),3.625,25.314454
A_timeseries,FPA ($\phi$=0.9),3.63,25.314929
A_timeseries,FPA ($\phi$=0.9),3.635,25.31532
A_timeseries,FPA ($\phi$=0.9),3.64,25.315668
A_timeseries,FPA ($\phi$=0.9),3.645,25.316025
A_timeseries,FPA ($\phi$=0.9),3.65,25.316442
A_timeseries,FPA ($\phi$=0.9),3.655,25.316948
A_timeseries,FPA ($\phi$=0.9),3.66,25.317539
A_timeseries,FPA ($\phi$=0.9),3.665,25.318184
A_timeseries,FPA ($\phi$=0.9),3.67,25.318831
A_timeseries,FPA ($\phi$=0.9),3.675,25.319428
A_timeseries,FPA ($\phi$=0.9),3.68,25.319939
A_timeseries,FPA ($\phi$=0.9),3.685,25.320358
A_timeseries,FPA ($\phi$=0.9),3.69,25.32071
A_timeseries,FPA ($\phi$=0.9),3.695,25.321042
A_timeseries,FPA ($\phi$=0.9),3.7,25.321407
A_timeseries,FPA ($\phi$=0.9),3.705,25.321848
A_timeseries,FPA ($\phi$=0.9),3.71,25.322378
A_timeseries,FPA ($\phi$=0.9),3.715,25.32298
A_timeseries,FPA ($\phi$=0.9),3.72,25.323611
A_timeseries,FPA ($\phi$=0.9),3.725,25.324219
A_timeseries,FPA ($\phi$=0.9),3.73,25.324758
A_timeseries,FPA ($\phi$=0.9),3.735,25.325206
A_timeseries,FPA ($\phi$=0.9),3.74,25.325572
A_timeseries,FPA ($\phi$=0.9),3.745,25.325894
A_timeseries,FPA ($\phi$=0.9),3.75,25.326223
A_timeseries,FPA ($\phi$=0.9),3.755,25.326609
A_timeseries,FPA ($\phi$=0.9),3.76,25.327078
A_timeseries,FPA ($\phi$=0.9),3.765,25.32763
A_timeseries,FPA ($\phi$=0.9),3.77,25.328234
A_timeseries,FPA ($\phi$=0.9),3.775,25.328839
A_timeseries,FPA ($\phi$=0.9),3.78,25.329394
A_timeseries,FPA ($\phi$=0.9),3.785,25.329866
A_timeseries,FPA ($\phi$=0.9),3.79,25.330251
A_timeseries,FPA ($\phi$=0.9),3.795,25.330573
A_timeseries,FPA ($\phi$=0.9),3.8,25.330878
A_timeseries,FPA ($\phi$=0.9),3.805,25.331219
A_timeseries,FPA ($\phi$=0.9),3.81,25.331635
A_timeseries,FPA ($\phi$=0.9),3.815,25.332135
A_timeseries,FPA ($\phi$=0.9),3.82,25.332702
A_timeseries,FPA ($\phi$=0.9),3.825,25.333292
A_timeseries,FPA ($\phi$=0.9),3.83,25.333853
A_timeseries,FPA ($\phi$=0.9),3.835,25.334343
A_timeseries,FPA ($\phi$=0.9),3.84,25.334745
A_timeseries,FPA ($\phi$=0.9),3.845,25.335073
A_timeseries,FPA ($\phi$=0.9),3.85,25.335364
A_timeseries,FPA ($\phi$=0.9),3.855,25.335672
A_timeseries,FPA ($\phi$=0.9),3.86,25.336039
A_timeseries,FPA ($\phi$=0.9),3.865,25.33649
A_timeseries,FPA ($\phi$=0.9),3.87,25.337016
A_timeseries,FPA ($\phi$=0.9),3.875,25.337583
A_timeseries,FPA ($\phi$=0.9),3.88,25.338139
A_timeseries,FPA ($\phi$=0.9),3.885,25.33864
A_timeseries,FPA ($\phi$=0.9),3.89,25.339056
A_timeseries,FPA ($\phi$=0.9),3.895,25.339391
A_timeseries,FPA ($\phi$=0.9),3.9,25.339676
A_timeseries,FPA ($\phi$=0.9),3.905,25.339958
A_timeseries,FPA ($\phi$=0.9),3.91,25.340286
A_timeseries,FPA ($\phi$=0.9),3.915,25.34069
A_timeseries,FPA ($\phi$=0.9),3.92,25.341175
A_timeseries,FPA ($\phi$=0.9),3.925,25.341712
A_timeseries,FPA ($\phi$=0.9),3.93,25.342257
A_timeseries,FPA ($\phi$=0.9),3.935,25.34276
A_timeseries,FPA ($\phi$=0.9),3.94,25.343187
A_timeseries,FPA ($\phi$=0.9),3.945,25.343529
A_timeseries,FPA ($\phi$=0.9),3.95,25.34381
A_timeseries,FPA ($\phi$=0.9),3.955,25.344073
A_timeseries,FPA ($\phi$=0.9),3.96,25.344367
A_timeseries,FPA ($\phi$=0.9),3.965,25.344731
A_timeseries,FPA ($\phi$=0.9),3.97,25.345175
A_timeseries,FPA ($\phi$=0.9),3.975,25.345681
A_timeseries,FPA ($\phi$=0.9),3.98,25.346208
A_timeseries,FPA ($\phi$=0.9),3.985,25.346707
A_timeseries,FPA ($\phi$=0.9),3.99,25.347138
A_timeseries,FPA ($\phi$=0.9),3.995,25.347485
A_timeseries,FPA ($\phi$=0.9),4.0,25.347764
A_timeseries,FPA ($\phi$=0.9),4.005,25.348012
A_timeseries,FPA ($\phi$=0.9),4.01,25.348279
A_timeseries,FPA ($\phi$=0.9),4.015,25.348606
A_timeseries,FPA ($\phi$=0.9),4.02,25.349012
A_timeseries,FPA ($\phi$=0.9),4.025,25.349486
A_timeseries,FPA ($\phi$=0.9),4.03,25.349992
A_timeseries,FPA ($\phi$=0.9),4.035,25.350482
A_timeseries,FPA ($\phi$=0.9),4.04,25.350912
A_timeseries,FPA ($\phi$=0.9),4.045,25.351262
A_timeseries,FPA ($\phi$=0.9),4.05,25.351538
A_timeseries,FPA ($\phi$=0.9),4.055,25.351774
A_timeseries,FPA ($\phi$=0.9),4.06,25.352017
A_timeseries,FPA ($\phi$=0.9),4.065,25.352313
A_timeseries,FPA ($\phi$=0.9),4.07,25.352684
A_timeseries,FPA ($\phi$=0.9),4.075,25.353126
A_timeseries,FPA ($\phi$=0.9),4.08,25.353609
A_timeseries,FPA ($\phi$=0.9),4.085,25.354085
A_timeseries,FPA ($\phi$=0.9),4.09,25.354511
A_timeseries,FPA ($\phi$=0.9),4.095,25.354859
A_timeseries,FPA ($\phi$=0.9),4.1,25.355131
A_timeseries,FPA ($\phi$=0.9),4.105,25.355356
A_timeseries,FPA ($\phi$=0.9),4.11,25.355579
A_timeseries,FPA ($\phi$=0.9),4.115,25.355847
A_timeseries,FPA ($\phi$=0.9),4.12,25.356186
A_timeseries,FPA ($\phi$=0.9),4.125,25.356598
A_timeseries,FPA ($\phi$=0.9),4.13,25.357057
A_timeseries,FPA ($\phi$=0.9),4.135,25.357517
A_timeseries,FPA ($\phi$=0.9),4.14,25.357934
A_timeseries,FPA ($\phi$=0.9),4.145,25.358277
A_timeseries,FPA ($\phi$=0.9),4.15,25.358543
A_timeseries,FPA ($\phi$=0.9),4.155,25.358757
A_timeseries,FPA ($\phi$=0.9),4.16,25.358963
A_timeseries,FPA ($\phi$=0.9),4.165,25.359205
A_timeseries,FPA ($\phi$=0.9),4.17,25.359516
A_timeseries,FPA ($\phi$=0.9),4.175,25.3599
A_timeseries,FPA ($\phi$=0.9),4.18,25.360334
A_timeseries,FPA ($\phi$=0.9),4.185,25.360776
A_timeseries,FPA ($\phi$=0.9),4.19,25.361181
A_timeseries,FPA ($\phi$=0.9),4.195,25.361516
A_timeseries,FPA ($\phi$=0.9),4.2,25.361775
A_timeseries,FPA ($\phi$=0.9),4.205,25.361977
A_timeseries,FPA ($\phi$=0.9),4.21,25.362166
A_timeseries,FPA ($\phi$=0.9),4.215,25.362386
A_timeseries,FPA ($\phi$=0.9),4.22,25.362671
A_timeseries,FPA ($\phi$=0.9),4.225,25.363029
A_timeseries,FPA ($\phi$=0.9),4.23,25.363439
A_timeseries,FPA ($\phi$=0.9),4.235,25.363862
A_timeseries,FPA ($\phi$=0.9),4.24,25.364253
A_timeseries,FPA ($\phi$=0.9),4.245,25.364577
A_timeseries,FPA ($\phi$=0.9),4.25,25.364825
A_timeseries,FPA ($\phi$=0.9),4.255,25.365016
A_timeseries,FPA ($\phi$=0.9),4.26,25.365188
A_timeseries,FPA ($\phi$=0.9),4.265,25.365388
A_timeseries,FPA ($\phi$=0.9),4.27,25.36565
A_timeseries,FPA ($\phi$=0.9),4.275,25.365983
A_timeseries,FPA ($\phi$=0.9),4.28,25.36637
A_timeseries,FPA ($\phi$=0.9),4.285,25.366774
A_timeseries,FPA ($\phi$=0.9),4.29,25.367148
A_timeseries,FPA ($\phi$=0.9),4.295,25.367458
A_timeseries,FPA ($\phi$=0.9),4.3,25.367694
A_timeseries,FPA ($\phi$=0.9),4.305,25.367871
A_timeseries,FPA ($\phi$=0.9),4.31,25.368028
A_timeseries,FPA ($\phi$=0.9),4.315,25.368209
A_timeseries,FPA ($\phi$=0.9),4.32,25.368449
A_timeseries,FPA ($\phi$=0.9),4.325,25.36876
A_timeseries,FPA ($\phi$=0.9),4.33,25.369126
A_timeseries,FPA ($\phi$=0.9),4.335,25.369509
A_timeseries,FPA ($\phi$=0.9),4.34,25.369866
A_timeseries,FPA ($\phi$=0.9),4.345,25.37016
A_timeseries,FPA ($\phi$=0.9),4.35,25.370381
A_timeseries,FPA ($\phi$=0.9),4.355,25.370544
A_timeseries,FPA ($\phi$=0.9),4.36,25.370685
A_timeseries,FPA ($\phi$=0.9),4.365,25.370848
A_timeseries,FPA ($\phi$=0.9),4.37,25.37107
A_timeseries,FPA ($\phi$=0.9),4.375,25.37136
A_timeseries,FPA ($\phi$=0.9),4.38,25.371705
A_timeseries,FPA ($\phi$=0.9),4.385,25.372068
A_timeseries,FPA ($\phi$=0.9),4.39,25.372405
A_timeseries,FPA ($\phi$=0.9),4.395,25.372682
A_timeseries,FPA ($\phi$=0.9),4.4,25.372886
A_timeseries,FPA ($\phi$=0.9),4.405,25.373033
A_timeseries,FPA ($\phi$=0.9),4.41,25.373158
A_timeseries,FPA ($\phi$=0.9),4.415,25.373305
A_timeseries,FPA ($\phi$=0.9),4.42,25.373508
A_timeseries,FPA ($\phi$=0.9),4.425,25.37378
A_timeseries,FPA ($\phi$=0.9),4.43,25.374105
A_timeseries,FPA ($\phi$=0.9),4.435,25.374448
A_timeseries,FPA ($\phi$=0.9),4.44,25.374765
A_timeseries,FPA ($\phi$=0.9),4.445,25.375022
A_timeseries,FPA ($\phi$=0.9),4.45,25.375208
A_timeseries,FPA ($\phi$=0.9),4.455,25.375337
A_timeseries,FPA ($\phi$=0.9),4.46,25.375447
A_timeseries,FPA ($\phi$=0.9),4.465,25.375578
A_timeseries,FPA ($\phi$=0.9),4.47,25.375765
A_timeseries,FPA ($\phi$=0.9),4.475,25.37602
A_timeseries,FPA ($\phi$=0.9),4.48,25.376326
A_timeseries,FPA ($\phi$=0.9),4.485,25.376648
A_timeseries,FPA ($\phi$=0.9),4.49,25.376944
A_timeseries,FPA ($\phi$=0.9),4.495,25.37718
A_timeseries,FPA ($\phi$=0.5),0.0,23.803133
A_timeseries,FPA ($\phi$=0.5),0.005,23.807076
A_timeseries,FPA ($\phi$=0.5),0.01,23.809095
A_timeseries,FPA ($\phi$=0.5),0.015,23.809374
A_timeseries,FPA ($\phi$=0.5),0.02,23.80822
A_timeseries,FPA ($\phi$=0.5),0.025,23.806024
A_timeseries,FPA ($\phi$=0.5),0.03,23.803232
A_timeseries,FPA ($\phi$=0.5),0.035,23.800299
A_timeseries,FPA ($\phi$=0.5),0.04,23.797659
A_timeseries,FPA ($\phi$=0.5),0.045,23.795683
A_timeseries,FPA ($\phi$=0.5),0.05,23.794655
A_timeseries,FPA ($\phi$=0.5),0.055,23.794751
A_timeseries,FPA ($\phi$=0.5),0.06,23.79603
A_timeseries,FPA ($\phi$=0.5),0.065,23.798435
A_timeseries,FPA ($\phi$=0.5),0.07,23.801811
A_timeseries,FPA ($\phi$=0.5),0.075,23.805922
A_timeseries,FPA ($\phi$=0.5),0.08,23.810479
A_timeseries,FPA ($\phi$=0.5),0.085,23.815171
A_timeseries,FPA ($\phi$=0.5),0.09,23.819699
A_timeseries,FPA ($\phi$=0.5),0.095,23.823793
A_timeseries,FPA ($\phi$=0.5),0.1,23.827244
A_timeseries,FPA ($\phi$=0.5),0.105,23.82991
A_timeseries,FPA ($\phi$=0.5),0.11,23.831729
A_timeseries,FPA ($\phi$=0.5),0.115,23.832718
A_timeseries,FPA ($\phi$=0.5),0.12,23.832967
A_timeseries,FPA ($\phi$=0.5),0.125,23.832627
A_timeseries,FPA ($\phi$=0.5),0.13,23.831894
A_timeseries,FPA ($\phi$=0.5),0.135,23.830989
A_timeseries,FPA ($\phi$=0.5),0.14,23.830137
A_timeseries,FPA ($\phi$=0.5),0.145,23.829544
A_timeseries,FPA ($\phi$=0.5),0.15,23.829381
A_timeseries,FPA ($\phi$=0.5),0.155,23.82977
A_timeseries,FPA ($\phi$=0.5),0.16,23.830771
A_timeseries,FPA ($\phi$=0.5),0.165,23.832382
A_timeseries,FPA ($\phi$=0.5),0.17,23.834542
A_timeseries,FPA ($\phi$=0.5),0.175,23.837138
A_timeseries,FPA ($\phi$=0.5),0.18,23.84002
A_timeseries,FPA ($\phi$=0.5),0.185,23.843018
A_timeseries,FPA ($\phi$=0.5),0.19,23.84596
A_timeseries,FPA ($\phi$=0.5),0.195,23.848685
A_timeseries,FPA ($\phi$=0.5),0.2,23.851062
A_timeseries,FPA ($\phi$=0.5),0.205,23.852999
A_timeseries,FPA ($\phi$=0.5),0.21,23.854451
A_timeseries,FPA ($\phi$=0.5),0.215,23.855422
A_timeseries,FPA ($\phi$=0.5),0.22,23.855961
A_timeseries,FPA ($\phi$=0.5),0.225,23.856158
A_timeseries,FPA ($\phi$=0.5),0.23,23.85613
A_timeseries,FPA ($\phi$=0.5),0.235,23.856016
A_timeseries,FPA ($\phi$=0.5),0.24,23.855951
A_timeseries,FPA ($\phi$=0.5),0.245,23.856066
A_timeseries,FPA ($\phi$=0.5),0.25,23.856464
A_timeseries,FPA ($\phi$=0.5),0.255,23.857216
A_timeseries,FPA ($\phi$=0.5),0.26,23.858356
A_timeseries,FPA ($\phi$=0.5),0.265,23.859874
A_timeseries,FPA ($\phi$=0.5),0.27,23.861724
A_timeseries,FPA ($\phi$=0.5),0.275,23.863825
A_timeseries,FPA ($\phi$=0.5),0.28,23.866077
A_timeseries,FPA ($\phi$=0.5),0.285,23.868365
A_timeseries,FPA ($\phi$=0.5),0.29,23.870576
A_timeseries,FPA ($\phi$=0.5),0.295,23.872608
A_timeseries,FPA ($\phi$=0.5),0.3,23.874383
A_timeseries,FPA ($\phi$=0.5),0.305,23.87585
A_timeseries,FPA ($\phi$=0.5),0.31,23.876993
A_timeseries,FPA ($\phi$=0.5),0.315,23.877827
A_timeseries,FPA ($\phi$=0.5),0.32,23.878402
A_timeseries,FPA ($\phi$=0.5),0.325,23.87879
A_timeseries,FPA ($\phi$=0.5),0.33,23.87908
A_timeseries,FPA ($\phi$=0.5),0.335,23.87937
A_timeseries,FPA ($\phi$=0.5),0.34,23.879754
A_timeseries,FPA ($\phi$=0.5),0.345,23.880311
A_timeseries,FPA ($\phi$=0.5),0.35,23.881101
A_timeseries,FPA ($\phi$=0.5),0.355,23.882157
A_timeseries,FPA ($\phi$=0.5),0.36,23.883482
A_timeseries,FPA ($\phi$=0.5),0.365,23.88505
A_timeseries,FPA ($\phi$=0.5),0.37,23.886809
A_timeseries,FPA ($\phi$=0.5),0.375,23.888689
A_timeseries,FPA ($\phi$=0.5),0.38,23.890609
A_timeseries,FPA ($\phi$=0.5),0.385,23.892486
A_timeseries,FPA ($\phi$=0.5),0.39,23.894244
A_timeseries,FPA ($\phi$=0.5),0.395,23.895822
A_timeseries,FPA ($\phi$=0.5),0.4,23.897181
A_timeseries,FPA ($\phi$=0.5),0.405,23.898305
A_timeseries,FPA ($\phi$=0.5),0.41,23.899206
A_timeseries,FPA ($\phi$=0.5),0.415,23.899917
A_timeseries,FPA ($\phi$=0.5),0.42,23.900493
A_timeseries,FPA ($\phi$=0.5),0.425,23.901002
A_timeseries,FPA ($\phi$=0.5),0.43,23.901515
A_timeseries,FPA ($\phi$=0.5),0.435,23.902103
A_timeseries,FPA ($\phi$=0.5),0.44,23.902825
A_timeseries,FPA ($\phi$=0.5),0.445,23.903726
A_timeseries,FPA ($\phi$=0.5),0.45,23.904826
A_timeseries,FPA ($\phi$=0.5),0.455,23.906126
A_timeseries,FPA ($\phi$=0.5),0.46,23.907601
A_timeseries,FPA ($\phi$=0.5),0.465,23.909209
A_timeseries,FPA ($\phi$=0.5),0.47,23.910894
A_timeseries,FPA ($\phi$=0.5),0.475,23.912592
A_timeseries,FPA ($\phi$=0.5),0.48,23.91424
A_timeseries,FPA ($\phi$=0.5),0.485,23.915781
A_timeseries,FPA ($\phi$=0.5),0.49,23.917173
A_timeseries,FPA ($\phi$=0.5),0.495,23.918392
A_timeseries,FPA ($\phi$=0.5),0.5,23.919431
A_timeseries,FPA ($\phi$=0.5),0.505,23.920307
A_timeseries,FPA ($\phi$=0.5),0.51,23.921054
A_timeseries,FPA ($\phi$=0.5),0.515,23.92172
A_timeseries,FPA ($\phi$=0.5),0.52,23.922359
A_timeseries,FPA ($\phi$=0.5),0.525,23.923029
A_timeseries,FPA ($\phi$=0.5),0.53,23.923784
A_timeseries,FPA ($\phi$=0.5),0.535,23.924663
A_timeseries,FPA ($\phi$=0.5),0.54,23.925692
A_timeseries,FPA ($\phi$=0.5),0.545,23.92688
A_timeseries,FPA ($\phi$=0.5),0.55,23.928215
A_timeseries,FPA ($\phi$=0.5),0.555,23.929669
A_timeseries,FPA ($\phi$=0.5),0.56,23.9312
A_timeseries,FPA ($\phi$=0.5),0.565,23.932758
A_timeseries,FPA ($\phi$=0.5),0.57,23.934292
A_timeseries,FPA ($\phi$=0.5),0.575,23.935754
A_timeseries,FPA ($\phi$=0.5),0.58,23.937105
A_timeseries,FPA ($\phi$=0.5),0.585,23.938321
A_timeseries,FPA ($\phi$=0.5),0.59,23.939394
A_timeseries,FPA ($\phi$=0.5),0.595,23.940332
A_timeseries,FPA ($\phi$=0.5),0.6,23.941161
A_timeseries,FPA ($\phi$=0.5),0.605,23.941918
A_timeseries,FPA ($\phi$=0.5),0.61,23.942647
A_timeseries,FPA ($\phi$=0.5),0.615,23.943396
A_timeseries,FPA ($\phi$=0.5),0.62,23.944209
A_timeseries,FPA ($\phi$=0.5),0.625,23.94512
A_timeseries,FPA ($\phi$=0.5),0.63,23.946153
A_timeseries,FPA ($\phi$=0.5),0.635,23.947314
A_timeseries,FPA ($\phi$=0.5),0.64,23.948594
A_timeseries,FPA ($\phi$=0.5),0.645,23.949971
A_timeseries,FPA ($\phi$=0.5),0.65,23.95141
A_timeseries,FPA ($\phi$=0.5),0.655,23.952869
A_timeseries,FPA ($\phi$=0.5),0.66,23.954305
A_timeseries,FPA ($\phi$=0.5),0.665,23.955679
A_timeseries,FPA ($\phi$=0.5),0.67,23.956959
A_timeseries,FPA ($\phi$=0.5),0.675,23.958127
A_timeseries,FPA ($\phi$=0.5),0.68,23.959177
A_timeseries,FPA ($\phi$=0.5),0.685,23.960119
A_timeseries,FPA ($\phi$=0.5),0.69,23.960975
A_timeseries,FPA ($\phi$=0.5),0.695,23.96178
A_timeseries,FPA ($\phi$=0.5),0.7,23.962571
A_timeseries,FPA ($\phi$=0.5),0.705,23.963387
A_timeseries,FPA ($\phi$=0.5),0.71,23.964266
A_timeseries,FPA ($\phi$=0.5),0.715,23.965233
A_timeseries,FPA ($\phi$=0.5),0.72,23.966305
A_timeseries,FPA ($\phi$=0.5),0.725,23.967482
A_timeseries,FPA ($\phi$=0.5),0.73,23.968753
A_timeseries,FPA ($\phi$=0.5),0.735,23.970095
A_timeseries,FPA ($\phi$=0.5),0.74,23.971476
A_timeseries,FPA ($\phi$=0.5),0.745,23.972858
A_timeseries,FPA ($\phi$=0.5),0.75,23.974206
A_timeseries,FPA ($\phi$=0.5),0.755,23.975488
A_timeseries,FPA ($\phi$=0.5),0.76,23.976683
A_timeseries,FPA ($\phi$=0.5),0.765,23.977779
A_timeseries,FPA ($\phi$=0.5),0.77,23.978778
A_timeseries,FPA ($\phi$=0.5),0.775,23.979696
A_timeseries,FPA ($\phi$=0.5),0.78,23.980555
A_timeseries,FPA ($\phi$=0.5),0.785,23.981389
A_timeseries,FPA ($\phi$=0.5),0.79,23.982232
A_timeseries,FPA ($\phi$=0.5),0.795,23.983116
A_timeseries,FPA ($\phi$=0.5),0.8,23.984068
A_timeseries,FPA ($\phi$=0.5),0.805,23.985105
A_timeseries,FPA ($\phi$=0.5),0.81,23.986232
A_timeseries,FPA ($\phi$=0.5),0.815,23.987445
A_timeseries,FPA ($\phi$=0.5),0.82,23.988724
A_timeseries,FPA ($\phi$=0.5),0.825,23.990043
A_timeseries,FPA ($\phi$=0.5),0.83,23.991372
A_timeseries,FPA ($\phi$=0.5),0.835,23.992679
A_timeseries,FPA ($\phi$=0.5),0.84,23.993934
A_timeseries,FPA ($\phi$=0.5),0.845,23.995117
A_timeseries,FPA ($\phi$=0.5),0.85,23.996216
A_timeseries,FPA ($\phi$=0.5),0.855,23.997231
A_timeseries,FPA ($\phi$=0.5),0.86,23.998173
A_timeseries,FPA ($\phi$=0.5),0.865,23.999063
A_timeseries,FPA ($\phi$=0.5),0.87,23.999927
A_timeseries,FPA ($\phi$=0.5),0.875,24.000797
A_timeseries,FPA ($\phi$=0.5),0.88,24.001701
A_timeseries,FPA ($\phi$=0.5),0.885,24.002663
A_timeseries,FPA ($\phi$=0.5),0.89,24.003698
A_timeseries,FPA ($\phi$=0.5),0.895,24.004812
A_timeseries,FPA ($\phi$=0.5),0.9,24.005999
A_timeseries,FPA ($\phi$=0.5),0.905,24.007243
A_timeseries,FPA ($\phi$=0.5),0.91,24.00852
A_timeseries,FPA ($\phi$=0.5),0.915,24.009804
A_timeseries,FPA ($\phi$=0.5),0.92,24.011065
A_timeseries,FPA ($\phi$=0.5),0.925,24.012279
A_timeseries,FPA ($\phi$=0.5),0.93,24.013428
A_timeseries,FPA ($\phi$=0.5),0.935,24.014503
A_timeseries,FPA ($\phi$=0.5),0.94,24.015506
A_timeseries,FPA ($\phi$=0.5),0.945,24.016447
A_timeseries,FPA ($\phi$=0.5),0.95,24.017348
A_timeseries,FPA ($\phi$=0.5),0.955,24.018232
A_timeseries,FPA ($\phi$=0.5),0.96,24.019127
A_timeseries,FPA ($\phi$=0.5),0.965,24.020058
A_timeseries,FPA ($\phi$=0.5),0.97,24.021045
A_timeseries,FPA ($\phi$=0.5),0.975,24.022099
A_timeseries,FPA ($\phi$=0.5),0.98,24.023221
A_timeseries,FPA ($\phi$=0.5),0.985,24.024403
A_timeseries,FPA ($\phi$=0.5),0.99,24.025628
A_timeseries,FPA ($\phi$=0.5),0.995,24.026875
A_timeseries,FPA ($\phi$=0.5),1.0,24.028116
A_timeseries,FPA ($\phi$=0.5),1.005,24.029329
A_timeseries,FPA ($\phi$=0.5),1.01,24.030491
A_timeseries,FPA ($\phi$=0.5),1.015,24.031592
A_timeseries,FPA ($\phi$=0.5),1.02,24.032626
A_timeseries,FPA ($\phi$=0.5),1.025,24.0336
A_timeseries,FPA ($\phi$=0.5),1.03,24.034528
A_timeseries,FPA ($\phi$=0.5),1.035,24.035431
A_timeseries,FPA ($\phi$=0.5),1.04,24.036333
A_timeseries,FPA ($\phi$=0.5),1.045,24.037256
A_timeseries,FPA ($\phi$=0.5),1.05,24.038223
A_timeseries,FPA ($\phi$=0.5),1.055,24.039246
A_timeseries,FPA ($\phi$=0.5),1.06,24.04033
A_timeseries,FPA ($\phi$=0.5),1.065,24.041471
A_timeseries,FPA ($\phi$=0.5),1.07,24.042657
A_timeseries,FPA ($\phi$=0.5),1.075,24.043868
A_timeseries,FPA ($\phi$=0.5),1.08,24.045082
A_timeseries,FPA ($\phi$=0.5),1.085,24.046277
A_timeseries,FPA ($\phi$=0.5),1.09,24.047431
A_timeseries,FPA ($\phi$=0.5),1.095,24.048532
A_timeseries,FPA ($\phi$=0.5),1.1,24.049574
A_timeseries,FPA ($\phi$=0.5),1.105,24.05056
A_timeseries,FPA ($\phi$=0.5),1.11,24.051502
A_timeseries,FPA ($\phi$=0.5),1.115,24.052417
A_timeseries,FPA ($\phi$=0.5),1.12,24.053326
A_timeseries,FPA ($\phi$=0.5),1.125,24.054253
A_timeseries,FPA ($\phi$=0.5),1.13,24.055216
A_timeseries,FPA ($\phi$=0.5),1.135,24.056228
A_timeseries,FPA ($\phi$=0.5),1.14,24.057294
A_timeseries,FPA ($\phi$=0.5),1.145,24.058413
A_timeseries,FPA ($\phi$=0.5),1.15,24.059573
A_timeseries,FPA ($\phi$=0.5),1.155,24.060757
A_timeseries,FPA ($\phi$=0.5),1.16,24.061944
A_timeseries,FPA ($\phi$=0.5),1.165,24.063113
A_timeseries,FPA ($\phi$=0.5),1.17,24.064246
A_timeseries,FPA ($\phi$=0.5),1.175,24.065331
A_timeseries,FPA ($\phi$=0.5),1.18,24.066362
A_timeseries,FPA ($\phi$=0.5),1.185,24.067344
A_timeseries,FPA ($\phi$=0.5),1.19,24.068285
A_timeseries,FPA ($\phi$=0.5),1.195,24.069205
A_timeseries,FPA ($\phi$=0.5),1.2,24.070121
A_timeseries,FPA ($\phi$=0.5),1.205,24.071056
A_timeseries,FPA ($\phi$=0.5),1.21,24.072024
A_timeseries,FPA ($\phi$=0.5),1.215,24.073039
A_timeseries,FPA ($\phi$=0.5),1.22,24.074103
A_timeseries,FPA ($\phi$=0.5),1.225,24.075213
A_timeseries,FPA ($\phi$=0.5),1.23,24.076357
A_timeseries,FPA ($\phi$=0.5),1.235,24.077519
A_timeseries,FPA ($\phi$=0.5),1.24,24.078679
A_timeseries,FPA ($\phi$=0.5),1.245,24.079819
A_timeseries,FPA ($\phi$=0.5),1.25,24.080922
A_timeseries,FPA ($\phi$=0.5),1.255,24.081978
A_timeseries,FPA ($\phi$=0.5),1.26,24.082986
A_timeseries,FPA ($\phi$=0.5),1.265,24.083951
A_timeseries,FPA ($\phi$=0.5),1.27,24.084885
A_timeseries,FPA ($\phi$=0.5),1.275,24.085804
A_timeseries,FPA ($\phi$=0.5),1.28,24.086728
A_timeseries,FPA ($\phi$=0.5),1.285,24.087674
A_timeseries,FPA ($\phi$=0.5),1.29,24.088656
A_timeseries,FPA ($\phi$=0.5),1.295,24.089683
A_timeseries,FPA ($\phi$=0.5),1.3,24.090754
A_timeseries,FPA ($\phi$=0.5),1.305,24.091863
A_timeseries,FPA ($\phi$=0.5),1.31,24.092997
A_timeseries,FPA ($\phi$=0.5),1.315,24.094138
A_timeseries,FPA ($\phi$=0.5),1.32,24.095269
A_timeseries,FPA ($\phi$=0.5),1.325,24.096372
A_timeseries,FPA ($\phi$=0.5),1.33,24.097436
A_timeseries,FPA ($\phi$=0.5),1.335,24.098456
A_timeseries,FPA ($\phi$=0.5),1.34,24.099433
A_timeseries,FPA ($\phi$=0.5),1.345,24.100376
A_timeseries,FPA ($\phi$=0.5),1.35,24.101299
A_timeseries,FPA ($\phi$=0.5),1.355,24.10222
A_timeseries,FPA ($\phi$=0.5),1.36,24.103155
A_timeseries,FPA ($\phi$=0.5),1.365,24.10412
A_timeseries,FPA ($\phi$=0.5),1.37,24.105124
A_timeseries,FPA ($\phi$=0.5),1.375,24.106169
A_timeseries,FPA ($\phi$=0.5),1.38,24.107252
A_timeseries,FPA ($\phi$=0.5),1.385,24.108361
A_timeseries,FPA ($\phi$=0.5),1.39,24.109481
A_timeseries,FPA ($\phi$=0.5),1.395,24.110596
A_timeseries,FPA ($\phi$=0.5),1.4,24.111688
A_timeseries,FPA ($\phi$=0.5),1.405,24.112747
A_timeseries,FPA ($\phi$=0.5),1.41,24.113765
A_timeseries,FPA ($\phi$=0.5),1.415,24.114742
A_timeseries,FPA ($\phi$=0.5),1.42,24.115687
A_timeseries,FPA ($\phi$=0.5),1.425,24.116611
A_timeseries,FPA ($\phi$=0.5),1.43,24.11753
A_timeseries,FPA ($\phi$=0.5),1.435,24.118461
A_timeseries,FPA ($\phi$=0.5),1.44,24.119417
A_timeseries,FPA ($\phi$=0.5),1.445,24.120409
A_timeseries,FPA ($\phi$=0.5),1.45,24.121439
A_timeseries,FPA ($\phi$=0.5),1.455,24.122504
A_timeseries,FPA ($\phi$=0.5),1.46,24.123594
A_timeseries,FPA ($\phi$=0.5),1.465,24.124695
A_timeseries,FPA ($\phi$=0.5),1.47,24.12579
A_timeseries,FPA ($\phi$=0.5),1.475,24.126866
A_timeseries,FPA ($\phi$=0.5),1.48,24.127909
A_timeseries,FPA ($\phi$=0.5),1.485,24.128915
A_timeseries,FPA ($\phi$=0.5),1.49,24.129883
A_timeseries,FPA ($\phi$=0.5),1.495,24.130822
A_timeseries,FPA ($\phi$=0.5),1.5,24.131742
A_timeseries,FPA ($\phi$=0.5),1.505,24.132659
A_timeseries,FPA ($\phi$=0.5),1.51,24.133588
A_timeseries,FPA ($\phi$=0.5),1.515,24.134542
A_timeseries,FPA ($\phi$=0.5),1.52,24.13553
A_timeseries,FPA ($\phi$=0.5),1.525,24.136554
A_timeseries,FPA ($\phi$=0.5),1.53,24.137608
A_timeseries,FPA ($\phi$=0.5),1.535,24.138684
A_timeseries,FPA ($\phi$=0.5),1.54,24.139767
A_timeseries,FPA ($\phi$=0.5),1.545,24.140841
A_timeseries,FPA ($\phi$=0.5),1.55,24.141894
A_timeseries,FPA ($\phi$=0.5),1.555,24.142915
A_timeseries,FPA ($\phi$=0.5),1.56,24.1439
A_timeseries,FPA ($\phi$=0.5),1.565,24.144852
A_timeseries,FPA ($\phi$=0.5),1.57,24.145779
A_timeseries,FPA ($\phi$=0.5),1.575,24.146692
A_timeseries,FPA ($\phi$=0.5),1.58,24.147607
A_timeseries,FPA ($\phi$=0.5),1.585,24.148538
A_timeseries,FPA ($\phi$=0.5),1.59,24.149496
A_timeseries,FPA ($\phi$=0.5),1.595,24.150487
A_timeseries,FPA ($\phi$=0.5),1.6,24.151509
A_timeseries,FPA ($\phi$=0.5),1.605,24.152557
A_timeseries,FPA ($\phi$=0.5),1.61,24.15362
A_timeseries,FPA ($\phi$=0.5),1.615,24.154684
A_timeseries,FPA ($\phi$=0.5),1.62,24.155734
A_timeseries,FPA ($\phi$=0.5),1.625,24.156758
A_timeseries,FPA ($\phi$=0.5),1.63,24.157751
A_timeseries,FPA ($\phi$=0.5),1.635,24.15871
A_timeseries,FPA ($\phi$=0.5),1.64,24.159641
A_timeseries,FPA ($\phi$=0.5),1.645,24.160554
A_timeseries,FPA ($\phi$=0.5),1.65,24.161461
A_timeseries,FPA ($\phi$=0.5),1.655,24.162378
A_timeseries,FPA ($\phi$=0.5),1.66,24.163315
A_timeseries,FPA ($\phi$=0.5),1.665,24.164281
A_timeseries,FPA ($\phi$=0.5),1.67,24.165278
A_timeseries,FPA ($\phi$=0.5),1.675,24.166303
A_timeseries,FPA ($\phi$=0.5),1.68,24.167345
A_timeseries,FPA ($\phi$=0.5),1.685,24.168393
A_timeseries,FPA ($\phi$=0.5),1.69,24.169433
A_timeseries,FPA ($\phi$=0.5),1.695,24.170452
A_timeseries,FPA ($\phi$=0.5),1.7,24.171443
A_timeseries,FPA ($\phi$=0.5),1.705,24.172401
A_timeseries,FPA ($\phi$=0.5),1.71,24.173332
A_timeseries,FPA ($\phi$=0.5),1.715,24.174242
A_timeseries,FPA ($\phi$=0.5),1.72,24.175143
A_timeseries,FPA ($\phi$=0.5),1.725,24.17605
A_timeseries,FPA ($\phi$=0.5),1.73,24.176973
A_timeseries,FPA ($\phi$=0.5),1.735,24.177923
A_timeseries,FPA ($\phi$=0.5),1.74,24.178901
A_timeseries,FPA ($\phi$=0.5),1.745,24.179907
A_timeseries,FPA ($\phi$=0.5),1.75,24.180931
A_timeseries,FPA ($\phi$=0.5),1.755,24.181962
A_timeseries,FPA ($\phi$=0.5),1.76,24.182987
A_timeseries,FPA ($\phi$=0.5),1.765,24.183995
A_timeseries,FPA ($\phi$=0.5),1.77,24.184977
A_timeseries,FPA ($\phi$=0.5),1.775,24.185928
A_timeseries,FPA ($\phi$=0.5),1.78,24.186852
A_timeseries,FPA ($\phi$=0.5),1.785,24.187756
A_timeseries,FPA ($\phi$=0.5),1.79,24.188651
A_timeseries,FPA ($\phi$=0.5),1.795,24.18955
A_timeseries,FPA ($\phi$=0.5),1.8,24.190464
A_timeseries,FPA ($\phi$=0.5),1.805,24.191402
A_timeseries,FPA ($\phi$=0.5),1.81,24.192368
A_timeseries,FPA ($\phi$=0.5),1.815,24.193359
A_timeseries,FPA ($\phi$=0.5),1.82,24.194367
A_timeseries,FPA ($\phi$=0.5),1.825,24.195382
A_timeseries,FPA ($\phi$=0.5),1.83,24.196392
A_timeseries,FPA ($\phi$=0.5),1.835,24.197384
A_timeseries,FPA ($\phi$=0.5),1.84,24.19835
A_timeseries,FPA ($\phi$=0.5),1.845,24.199288
A_timeseries,FPA ($\phi$=0.5),1.85,24.200201
A_timeseries,FPA ($\phi$=0.5),1.855,24.201095
A_timeseries,FPA ($\phi$=0.5),1.86,24.201982
A_timeseries,FPA ($\phi$=0.5),1.865,24.202874
A_timeseries,FPA ($\phi$=0.5),1.87,24.203782
A_timeseries,FPA ($\phi$=0.5),1.875,24.204714
A_timeseries,FPA ($\phi$=0.5),1.88,24.205671
A_timeseries,FPA ($\phi$=0.5),1.885,24.206652
A_timeseries,FPA ($\phi$=0.5),1.89,24.207647
A_timeseries,FPA ($\phi$=0.5),1.895,24.208646
A_timeseries,FPA ($\phi$=0.5),1.9,24.209637
A_timeseries,FPA ($\phi$=0.5),1.905,24.210609
A_timeseries,FPA ($\phi$=0.5),1.91,24.211556
A_timeseries,FPA ($\phi$=0.5),1.915,24.212476
A_timeseries,FPA ($\phi$=0.5),1.92,24.213373
A_timeseries,FPA ($\phi$=0.5),1.925,24.214255
A_timeseries,FPA ($\phi$=0.5),1.93,24.215134
A_timeseries,FPA ($\phi$=0.5),1.935,24.216021
A_timeseries,FPA ($\phi$=0.5),1.94,24.216926
A_timeseries,FPA ($\phi$=0.5),1.945,24.217855
A_timeseries,FPA ($\phi$=0.5),1.95,24.218807
A_timeseries,FPA ($\phi$=0.5),1.955,24.21978
A_timeseries,FPA ($\phi$=0.5),1.96,24.220762
A_timeseries,FPA ($\phi$=0.5),1.965,24.221743
A_timeseries,FPA ($\phi$=0.5),1.97,24.222713
A_timeseries,FPA ($\phi$=0.5),1.975,24.223661
A_timeseries,FPA ($\phi$=0.5),1.98,24.224584
A_timeseries,FPA ($\phi$=0.5),1.985,24.225482
A_timeseries,FPA ($\phi$=0.5),1.99,24.226362
A_timeseries,FPA ($\phi$=0.5),1.995,24.227232
A_timeseries,FPA ($\phi$=0.5),2.0,24.228105
A_timeseries,FPA ($\phi$=0.5),2.005,24.22899
A_timeseries,FPA ($\phi$=0.5),2.01,24.229895
A_timeseries,FPA ($\phi$=0.5),2.015,24.230824
A_timeseries,FPA ($\phi$=0.5),2.02,24.231773
A_timeseries,FPA ($\phi$=0.5),2.025,24.232737
A_timeseries,FPA ($\phi$=0.5),2.03,24.233704
A_timeseries,FPA ($\phi$=0.5),2.035,24.234665
A_timeseries,FPA ($\phi$=0.5),2.04,24.235608
A_timeseries,FPA ($\phi$=0.5),2.045,24.236529
A_timeseries,FPA ($\phi$=0.5),2.05,24.237425
A_timeseries,FPA ($\phi$=0.5),2.055,24.2383
A_timeseries,FPA ($\phi$=0.5),2.06,24.239163
A_timeseries,FPA ($\phi$=0.5),2.065,24.240024
A_timeseries,FPA ($\phi$=0.5),2.07,24.240894
A_timeseries,FPA ($\phi$=0.5),2.075,24.24178
A_timeseries,FPA ($\phi$=0.5),2.08,24.242689
A_timeseries,FPA ($\phi$=0.5),2.085,24.243619
A_timeseries,FPA ($\phi$=0.5),2.09,24.244564
A_timeseries,FPA ($\phi$=0.5),2.095,24.245516
A_timeseries,FPA ($\phi$=0.5),2.1,24.246465
A_timeseries,FPA ($\phi$=0.5),2.105,24.247399
A_timeseries,FPA ($\phi$=0.5),2.11,24.248311
A_timeseries,FPA ($\phi$=0.5),2.115,24.249201
A_timeseries,FPA ($\phi$=0.5),2.12,24.250069
A_timeseries,FPA ($\phi$=0.5),2.125,24.250924
A_timeseries,FPA ($\phi$=0.5),2.13,24.251774
A_timeseries,FPA ($\phi$=0.5),2.135,24.252631
A_timeseries,FPA ($\phi$=0.5),2.14,24.253503
A_timeseries,FPA ($\phi$=0.5),2.145,24.254395
A_timeseries,FPA ($\phi$=0.5),2.15,24.255308
A_timeseries,FPA ($\phi$=0.5),2.155,24.256237
A_timeseries,FPA ($\phi$=0.5),2.16,24.257174
A_timeseries,FPA ($\phi$=0.5),2.165,24.258107
A_timeseries,FPA ($\phi$=0.5),2.17,24.259028
A_timeseries,FPA ($\phi$=0.5),2.175,24.25993
A_timeseries,FPA ($\phi$=0.5),2.18,24.260808
A_timeseries,FPA ($\phi$=0.5),2.185,24.261667
A_timeseries,FPA ($\phi$=0.5),2.19,24.262511
A_timeseries,FPA ($\phi$=0.5),2.195,24.263351
A_timeseries,FPA ($\phi$=0.5),2.2,24.264196
A_timeseries,FPA ($\phi$=0.5),2.205,24.265056
A_timeseries,FPA ($\phi$=0.5),2.21,24.265936
A_timeseries,FPA ($\phi$=0.5),2.215,24.266835
A_timeseries,FPA ($\phi$=0.5),2.22,24.267749
A_timeseries,FPA ($\phi$=0.5),2.225,24.26867
A_timeseries,FPA ($\phi$=0.5),2.23,24.269588
A_timeseries,FPA ($\phi$=0.5),2.235,24.270494
A_timeseries,FPA ($\phi$=0.5),2.24,24.27138
A_timeseries,FPA ($\phi$=0.5),2.245,24.272244
A_timeseries,FPA ($\phi$=0.5),2.25,24.273089
A_timeseries,FPA ($\phi$=0.5),2.255,24.273921
A_timeseries,FPA ($\phi$=0.5),2.26,24.27475
A_timeseries,FPA ($\phi$=0.5),2.265,24.275586
A_timeseries,FPA ($\phi$=0.5),2.27,24.276436
A_timeseries,FPA ($\phi$=0.5),2.275,24.277305
A_timeseries,FPA ($\phi$=0.5),2.28,24.278193
A_timeseries,FPA ($\phi$=0.5),2.285,24.279094
A_timeseries,FPA ($\phi$=0.5),2.29,24.28
A_timeseries,FPA ($\phi$=0.5),2.295,24.280901
A_timeseries,FPA ($\phi$=0.5),2.3,24.281788
A_timeseries,FPA ($\phi$=0.5),2.305,24.282656
A_timeseries,FPA ($\phi$=0.5),2.31,24.283503
A_timeseries,FPA ($\phi$=0.5),2.315,24.284332
A_timeseries,FPA ($\phi$=0.5),2.32,24.285152
A_timeseries,FPA ($\phi$=0.5),2.325,24.28597
A_timeseries,FPA ($\phi$=0.5),2.33,24.286797
A_timeseries,FPA ($\phi$=0.5),2.335,24.28764
A_timeseries,FPA ($\phi$=0.5),2.34,24.288501
A_timeseries,FPA ($\phi$=0.5),2.345,24.289378
A_timeseries,FPA ($\phi$=0.5),2.35,24.290266
A_timeseries,FPA ($\phi$=0.5),2.355,24.291156
A_timeseries,FPA ($\phi$=0.5),2.36,24.292038
A_timeseries,FPA ($\phi$=0.5),2.365,24.292905
A_timeseries,FPA ($\phi$=0.5),2.37,24.293752
A_timeseries,FPA ($\phi$=0.5),2.375,24.294579
A_timeseries,FPA ($\phi$=0.5),2.38,24.295392
A_timeseries,FPA ($\phi$=0.5),2.385,24.296198
A_timeseries,FPA ($\phi$=0.5),2.39,24.297007
A_timeseries,FPA ($\phi$=0.5),2.395,24.297827
A_timeseries,FPA ($\phi$=0.5),2.4,24.298664
A_timeseries,FPA ($\phi$=0.5),2.405,24.299518
A_timeseries,FPA ($\phi$=0.5),2.41,24.300386
A_timeseries,FPA ($\phi$=0.5),2.415,24.301261
A_timeseries,FPA ($\phi$=0.5),2.42,24.302133
A_timeseries,FPA ($\phi$=0.5),2.425,24.302994
A_timeseries,FPA ($\phi$=0.5),2.43,24.303837
A_timeseries,FPA ($\phi$=0.5),2.435,24.30466
A_timeseries,FPA ($\phi$=0.5),2.44,24.305467
A_timeseries,FPA ($\phi$=0.5),2.445,24.306263
A_timeseries,FPA ($\phi$=0.5),2.45,24.307057
A_timeseries,FPA ($\phi$=0.5),2.455,24.307859
A_timeseries,FPA ($\phi$=0.5),2.46,24.308675
A_timeseries,FPA ($\phi$=0.5),2.465,24.309507
A_timeseries,FPA ($\phi$=0.5),2.47,24.310355
A_timeseries,FPA ($\phi$=0.5),2.475,24.311213
A_timeseries,FPA ($\phi$=0.5),2.48,24.312072
A_timeseries,FPA ($\phi$=0.5),2.485,24.312922
A_timeseries,FPA ($\phi$=0.5),2.49,24.313758
A_timeseries,FPA ($\phi$=0.5),2.495,24.314575
A_timeseries,FPA ($\phi$=0.5),2.5,24.315374
A_timeseries,FPA ($\phi$=0.5),2.505,24.316161
A_timeseries,FPA ($\phi$=0.5),2.51,24.316942
A_timeseries,FPA ($\phi$=0.5),2.515,24.317728
A_timeseries,FPA ($\phi$=0.5),2.52,24.318526
A_timeseries,FPA ($\phi$=0.5),2.525,24.319339
A_timeseries,FPA ($\phi$=0.5),2.53,24.320168
A_timeseries,FPA ($\phi$=0.5),2.535,24.321008
A_timeseries,FPA ($\phi$=0.5),2.54,24.321851
A_timeseries,FPA ($\phi$=0.5),2.545,24.32269
A_timeseries,FPA ($\phi$=0.5),2.55,24.323515
A_timeseries,FPA ($\phi$=0.5),2.555,24.324323
A_timeseries,FPA ($\phi$=0.5),2.56,24.325113
A_timeseries,FPA ($\phi$=0.5),2.565,24.325889
A_timeseries,FPA ($\phi$=0.5),2.57,24.326658
A_timeseries,FPA ($\phi$=0.5),2.575,24.327429
A_timeseries,FPA ($\phi$=0.5),2.58,24.32821
A_timeseries,FPA ($\phi$=0.5),2.585,24.329006
A_timeseries,FPA ($\phi$=0.5),2.59,24.329818
A_timeseries,FPA ($\phi$=0.5),2.595,24.330641
A_timeseries,FPA ($\phi$=0.5),2.6,24.331469
A_timeseries,FPA ($\phi$=0.5),2.605,24.332293
A_timeseries,FPA ($\phi$=0.5),2.61,24.333106
A_timeseries,FPA ($\phi$=0.5),2.615,24.333901
A_timeseries,FPA ($\phi$=0.5),2.62,24.33468
A_timeseries,FPA ($\phi$=0.5),2.625,24.335444
A_timeseries,FPA ($\phi$=0.5),2.63,24.3362
A_timeseries,FPA ($\phi$=0.5),2.635,24.336958
A_timeseries,FPA ($\phi$=0.5),2.64,24.337724
A_timeseries,FPA ($\phi$=0.5),2.645,24.338505
A_timeseries,FPA ($\phi$=0.5),2.65,24.3393
A_timeseries,FPA ($\phi$=0.5),2.655,24.340107
A_timeseries,FPA ($\phi$=0.5),2.66,24.34092
A_timeseries,FPA ($\phi$=0.5),2.665,24.341728
A_timeseries,FPA ($\phi$=0.5),2.67,24.342526
A_timeseries,FPA ($\phi$=0.5),2.675,24.343308
A_timeseries,FPA ($\phi$=0.5),2.68,24.344072
A_timeseries,FPA ($\phi$=0.5),2.685,24.344823
A_timeseries,FPA ($\phi$=0.5),2.69,24.345566
A_timeseries,FPA ($\phi$=0.5),2.695,24.346311
A_timeseries,FPA ($\phi$=0.5),2.7,24.347064
A_timeseries,FPA ($\phi$=0.5),2.705,24.34783
A_timeseries,FPA ($\phi$=0.5),2.71,24.348611
A_timeseries,FPA ($\phi$=0.5),2.715,24.349403
A_timeseries,FPA ($\phi$=0.5),2.72,24.350199
A_timeseries,FPA ($\phi$=0.5),2.725,24.350992
A_timeseries,FPA ($\phi$=0.5),2.73,24.351773
A_timeseries,FPA ($\phi$=0.5),2.735,24.352539
A_timeseries,FPA ($\phi$=0.5),2.74,24.353287
A_timeseries,FPA ($\phi$=0.5),2.745,24.354023
A_timeseries,FPA ($\phi$=0.5),2.75,24.354753
A_timeseries,FPA ($\phi$=0.5),2.755,24.355484
A_timeseries,FPA ($\phi$=0.5),2.76,24.356225
A_timeseries,FPA ($\phi$=0.5),2.765,24.356979
A_timeseries,FPA ($\phi$=0.5),2.77,24.357746
A_timeseries,FPA ($\phi$=0.5),2.775,24.358524
A_timeseries,FPA ($\phi$=0.5),2.78,24.359304
A_timeseries,FPA ($\phi$=0.5),2.785,24.360079
A_timeseries,FPA ($\phi$=0.5),2.79,24.360842
A_timeseries,FPA ($\phi$=0.5),2.795,24.36159
A_timeseries,FPA ($\phi$=0.5),2.8,24.362321
A_timeseries,FPA ($\phi$=0.5),2.805,24.363041
A_timeseries,FPA ($\phi$=0.5),2.81,24.363757
A_timeseries,FPA ($\phi$=0.5),2.815,24.364476
A_timeseries,FPA ($\phi$=0.5),2.82,24.365205
A_timeseries,FPA ($\phi$=0.5),2.825,24.365947
A_timeseries,FPA ($\phi$=0.5),2.83,24.366702
A_timeseries,FPA ($\phi$=0.5),2.835,24.367465
A_timeseries,FPA ($\phi$=0.5),2.84,24.368229
A_timeseries,FPA ($\phi$=0.5),2.845,24.368985
A_timeseries,FPA ($\phi$=0.5),2.85,24.369729
A_timeseries,FPA ($\phi$=0.5),2.855,24.370456
A_timeseries,FPA ($\phi$=0.5),2.86,24.371169
A_timeseries,FPA ($\phi$=0.5),2.865,24.371873
A_timeseries,FPA ($\phi$=0.5),2.87,24.372575
A_timeseries,FPA ($\phi$=0.5),2.875,24.373282
A_timeseries,FPA ($\phi$=0.5),2.88,24.374001
A_timeseries,FPA ($\phi$=0.5),2.885,24.374733
A_timeseries,FPA ($\phi$=0.5),2.89,24.375475
A_timeseries,FPA ($\phi$=0.5),2.895,24.376223
A_timeseries,FPA ($\phi$=0.5),2.9,24.376969
A_timeseries,FPA ($\phi$=0.5),2.905,24.377706
A_timeseries,FPA ($\phi$=0.5),2.91,24.378427
A_timeseries,FPA ($\phi$=0.5),2.915,24.379134
A_timeseries,FPA ($\phi$=0.5),2.92,24.379828
A_timeseries,FPA ($\phi$=0.5),2.925,24.380515
A_timeseries,FPA ($\phi$=0.5),2.93,24.381204
A_timeseries,FPA ($\phi$=0.5),2.935,24.381902
A_timeseries,FPA ($\phi$=0.5),2.94,24.382611
A_timeseries,FPA ($\phi$=0.5),2.945,24.383332
A_timeseries,FPA ($\phi$=0.5),2.95,24.384062
A_timeseries,FPA ($\phi$=0.5),2.955,24.384794
A_timeseries,FPA ($\phi$=0.5),2.96,24.38552
A_timeseries,FPA ($\phi$=0.5),2.965,24.386234
A_timeseries,FPA ($\phi$=0.5),2.97,24.386933
A_timeseries,FPA ($\phi$=0.5),2.975,24.387618
A_timeseries,FPA ($\phi$=0.5),2.98,24.388293
A_timeseries,FPA ($\phi$=0.5),2.985,24.388966
A_timeseries,FPA ($\phi$=0.5),2.99,24.389644
A_timeseries,FPA ($\phi$=0.5),2.995,24.390332
A_timeseries,FPA ($\phi$=0.5),3.0,24.391033
A_timeseries,FPA ($\phi$=0.5),3.005,24.391744
A_timeseries,FPA ($\phi$=0.5),3.01,24.392459
A_timeseries,FPA ($\phi$=0.5),3.015,24.393172
A_timeseries,FPA ($\phi$=0.5),3.02,24.393876
A_timeseries,FPA ($\phi$=0.5),3.025,24.394566
A_timeseries,FPA ($\phi$=0.5),3.03,24.395241
A_timeseries,FPA ($\phi$=0.5),3.035,24.395904
A_timeseries,FPA ($\phi$=0.5),3.04,24.396563
A_timeseries,FPA ($\phi$=0.5),3.045,24.397223
A_timeseries,FPA ($\phi$=0.5),3.05,24.397892
A_timeseries,FPA ($\phi$=0.5),3.055,24.398572
A_timeseries,FPA ($\phi$=0.5),3.06,24.399264
A_timeseries,FPA ($\phi$=0.5),3.065,24.399962
A_timeseries,FPA ($\phi$=0.5),3.07,24.400661
A_timeseries,FPA ($\phi$=0.5),3.075,24.401352
A_timeseries,FPA ($\phi$=0.5),3.08,24.402031
A_timeseries,FPA ($\phi$=0.5),3.085,24.402695
A_timeseries,FPA ($\phi$=0.5),3.09,24.403347
A_timeseries,FPA ($\phi$=0.5),3.095,24.403991
A_timeseries,FPA ($\phi$=0.5),3.1,24.404635
A_timeseries,FPA ($\phi$=0.5),3.105,24.405286
A_timeseries,FPA ($\phi$=0.5),3.11,24.405947
A_timeseries,FPA ($\phi$=0.5),3.115,24.40662
A_timeseries,FPA ($\phi$=0.5),3.12,24.4073
A_timeseries,FPA ($\phi$=0.5),3.125,24.407983
A_timeseries,FPA ($\phi$=0.5),3.13,24.40866
A_timeseries,FPA ($\phi$=0.5),3.135,24.409326
A_timeseries,FPA ($\phi$=0.5),3.14,24.409978
A_timeseries,FPA ($\phi$=0.5),3.145,24.410617
A_timeseries,FPA ($\phi$=0.5),3.15,24.411248
A_timeseries,FPA ($\phi$=0.5),3.155,24.411876
A_timeseries,FPA ($\phi$=0.5),3.16,24.41251
A_timeseries,FPA ($\phi$=0.5),3.165,24.413153
A_timeseries,FPA ($\phi$=0.5),3.17,24.413807
A_timeseries,FPA ($\phi$=0.5),3.175,24.41447
A_timeseries,FPA ($\phi$=0.5),3.18,24.415137
A_timeseries,FPA ($\phi$=0.5),3.185,24.415799
A_timeseries,FPA ($\phi$=0.5),3.19,24.416451
A_timeseries,FPA ($\phi$=0.5),3.195,24.417089
A_timeseries,FPA ($\phi$=0.5),3.2,24.417714
A_timeseries,FPA ($\phi$=0.5),3.205,24.41833
A_timeseries,FPA ($\phi$=0.5),3.21,24.418943
A_timeseries,FPA ($\phi$=0.5),3.215,24.41956
A_timeseries,FPA ($\phi$=0.5),3.22,24.420187
A_timeseries,FPA ($\phi$=0.5),3.225,24.420824
A_timeseries,FPA ($\phi$=0.5),3.23,24.421469
A_timeseries,FPA ($\phi$=0.5),3.235,24.422119
A_timeseries,FPA ($\phi$=0.5),3.24,24.422765
A_timeseries,FPA ($\phi$=0.5),3.245,24.423402
A_timeseries,FPA ($\phi$=0.5),3.25,24.424025
A_timeseries,FPA ($\phi$=0.5),3.255,24.424636
A_timeseries,FPA ($\phi$=0.5),3.26,24.425237
A_timeseries,FPA ($\phi$=0.5),3.265,24.425834
A_timeseries,FPA ($\phi$=0.5),3.27,24.426435
A_timeseries,FPA ($\phi$=0.5),3.275,24.427045
A_timeseries,FPA ($\phi$=0.5),3.28,24.427665
A_timeseries,FPA ($\phi$=0.5),3.285,24.428294
A_timeseries,FPA ($\phi$=0.5),3.29,24.428927
A_timeseries,FPA ($\phi$=0.5),3.295,24.429556
A_timeseries,FPA ($\phi$=0.5),3.3,24.430177
A_timeseries,FPA ($\phi$=0.5),3.305,24.430784
A_timeseries,FPA ($\phi$=0.5),3.31,24.431379
A_timeseries,FPA ($\phi$=0.5),3.315,24.431964
A_timeseries,FPA ($\phi$=0.5),3.32,24.432546
A_timeseries,FPA ($\phi$=0.5),3.325,24.433131
A_timeseries,FPA ($\phi$=0.5),3.33,24.433725
A_timeseries,FPA ($\phi$=0.5),3.335,24.43433
A_timeseries,FPA ($\phi$=0.5),3.34,24.434942
A_timeseries,FPA ($\phi$=0.5),3.345,24.435558
A_timeseries,FPA ($\phi$=0.5),3.35,24.43617
A_timeseries,FPA ($\phi$=0.5),3.355,24.436773
A_timeseries,FPA ($\phi$=0.5),3.36,24.437363
A_timeseries,FPA ($\phi$=0.5),3.365,24.437941
A_timeseries,FPA ($\phi$=0.5),3.37,24.43851
A_timeseries,FPA ($\phi$=0.5),3.375,24.439076
A_timeseries,FPA ($\phi$=0.5),3.38,24.439647
A_timeseries,FPA ($\phi$=0.5),3.385,24.440225
A_timeseries,FPA ($\phi$=0.5),3.39,24.440814
A_timeseries,FPA ($\phi$=0.5),3.395,24.44141
A_timeseries,FPA ($\phi$=0.5),3.4,24.442009
A_timeseries,FPA ($\phi$=0.5),3.405,24.442603
A_timeseries,FPA ($\phi$=0.5),3.41,24.443188
A_timeseries,FPA ($\phi$=0.5),3.415,24.44376
A_timeseries,FPA ($\phi$=0.5),3.42,24.44432
A_timeseries,FPA ($\phi$=0.5),3.425,24.444873
A_timeseries,FPA ($\phi$=0.5),3.43,24.445423
A_timeseries,FPA ($\phi$=0.5),3.435,24.445978
A_timeseries,FPA ($\phi$=0.5),3.44,24.446542
A_timeseries,FPA ($\phi$=0.5),3.445,24.447115
A_timeseries,FPA ($\phi$=0.5),3.45,24.447696
A_timeseries,FPA ($\phi$=0.5),3.455,24.448277
A_timeseries,FPA ($\phi$=0.5),3.46,24.448853
A_timeseries,FPA ($\phi$=0.5),3.465,24.449419
A_timeseries,FPA ($\phi$=0.5),3.47,24.449972
A_timeseries,FPA ($\phi$=0.5),3.475,24.450514
A_timeseries,FPA ($\phi$=0.5),3.48,24.451049
A_timeseries,FPA ($\phi$=0.5),3.485,24.451584
A_timeseries,FPA ($\phi$=0.5),3.49,24.452124
A_timeseries,FPA ($\phi$=0.5),3.495,24.452674
A_timeseries,FPA ($\phi$=0.5),3.5,24.453232
A_timeseries,FPA ($\phi$=0.5),3.505,24.453796
A_timeseries,FPA ($\phi$=0.5),3.51,24.45436
A_timeseries,FPA ($\phi$=0.5),3.515,24.454916
A_timeseries,FPA ($\phi$=0.5),3.52,24.455462
A_timeseries,FPA ($\phi$=0.5),3.525,24.455995
A_timeseries,FPA ($\phi$=0.5),3.53,24.456519
A_timeseries,FPA ($\phi$=0.5),3.535,24.457037
A_timeseries,FPA ($\phi$=0.5),3.54,24.457557
A_timeseries,FPA ($\phi$=0.5),3.545,24.458083
A_timeseries,FPA ($\phi$=0.5),3.55,24.458618
A_timeseries,FPA ($\phi$=0.5),3.555,24.459162
A_timeseries,FPA ($\phi$=0.5),3.56,24.459709
A_timeseries,FPA ($\phi$=0.5),3.565,24.460254
A_timeseries,FPA ($\phi$=0.5),3.57,24.46079
A_timeseries,FPA ($\phi$=0.5),3.575,24.461315
A_timeseries,FPA ($\phi$=0.5),3.58,24.461828
A_timeseries,FPA ($\phi$=0.5),3.585,24.462333
A_timeseries,FPA ($\phi$=0.5),3.59,24.462834
A_timeseries,FPA ($\phi$=0.5),3.595,24.463339
A_timeseries,FPA ($\phi$=0.5),3.6,24.463852
A_timeseries,FPA ($\phi$=0.5),3.605,24.464374
A_timeseries,FPA ($\phi$=0.5),3.61,24.464902
A_timeseries,FPA ($\phi$=0.5),3.615,24.465432
A_timeseries,FPA ($\phi$=0.5),3.62,24.465957
A_timeseries,FPA ($\phi$=0.5),3.625,24.466472
A_timeseries,FPA ($\phi$=0.5),3.63,24.466975
A_timeseries,FPA ($\phi$=0.5),3.635,24.467467
A_timeseries,FPA ($\phi$=0.5),3.64,24.467954
A_timeseries,FPA ($\phi$=0.5),3.645,24.46844
A_timeseries,FPA ($\phi$=0.5),3.65,24.468931
A_timeseries,FPA ($\phi$=0.5),3.655,24.46943
A_timeseries,FPA ($\phi$=0.5),3.66,24.469938
A_timeseries,FPA ($\phi$=0.5),3.665,24.47045
A_timeseries,FPA ($\phi$=0.5),3.67,24.470961
A_timeseries,FPA ($\phi$=0.5),3.675,24.471465
A_timeseries,FPA ($\phi$=0.5),3.68,24.471958
A_timeseries,FPA ($\phi$=0.5),3.685,24.472439
A_timeseries,FPA ($\phi$=0.5),3.69,24.472911
A_timeseries,FPA ($\phi$=0.5),3.695,24.47338
A_timeseries,FPA ($\phi$=0.5),3.7,24.473851
A_timeseries,FPA ($\phi$=0.5),3.705,24.474329
A_timeseries,FPA ($\phi$=0.5),3.71,24.474815
A_timeseries,FPA ($\phi$=0.5),3.715,24.475308
A_timeseries,FPA ($\phi$=0.5),3.72,24.475803
A_timeseries,FPA ($\phi$=0.5),3.725,24.476294
A_timeseries,FPA ($\phi$=0.5),3.73,24.476775
A_timeseries,FPA ($\phi$=0.5),3.735,24.477245
A_timeseries,FPA ($\phi$=0.5),3.74,24.477705
A_timeseries,FPA ($\phi$=0.5),3.745,24.478158
A_timeseries,FPA ($\phi$=0.5),3.75,24.47861
A_timeseries,FPA ($\phi$=0.5),3.755,24.479067
A_timeseries,FPA ($\phi$=0.5),3.76,24.479532
A_timeseries,FPA ($\phi$=0.5),3.765,24.480005
A_timeseries,FPA ($\phi$=0.5),3.77,24.480482
A_timeseries,FPA ($\phi$=0.5),3.775,24.480958
A_timeseries,FPA ($\phi$=0.5),3.78,24.481427
A_timeseries,FPA ($\phi$=0.5),3.785,24.481885
A_timeseries,FPA ($\phi$=0.5),3.79,24.482332
A_timeseries,FPA ($\phi$=0.5),3.795,24.48277
A_timeseries,FPA ($\phi$=0.5),3.8,24.483205
A_timeseries,FPA ($\phi$=0.5),3.805,24.483643
A_timeseries,FPA ($\phi$=0.5),3.81,24.484087
A_timeseries,FPA ($\phi$=0.5),3.815,24.484539
A_timeseries,FPA ($\phi$=0.5),3.82,24.484998
A_timeseries,FPA ($\phi$=0.5),3.825,24.485457
A_timeseries,FPA ($\phi$=0.5),3.83,24.485911
A_timeseries,FPA ($\phi$=0.5),3.835,24.486357
A_timeseries,FPA ($\phi$=0.5),3.84,24.486791
A_timeseries,FPA ($\phi$=0.5),3.845,24.487215
A_timeseries,FPA ($\phi$=0.5),3.85,24.487634
A_timeseries,FPA ($\phi$=0.5),3.855,24.488053
A_timeseries,FPA ($\phi$=0.5),3.86,24.488477
A_timeseries,FPA ($\phi$=0.5),3.865,24.488909
A_timeseries,FPA ($\phi$=0.5),3.87,24.489348
A_timeseries,FPA ($\phi$=0.5),3.875,24.48979
A_timeseries,FPA ($\phi$=0.5),3.88,24.490229
A_timeseries,FPA ($\phi$=0.5),3.885,24.49066
A_timeseries,FPA ($\phi$=0.5),3.89,24.491081
A_timeseries,FPA ($\phi$=0.5),3.895,24.491491
A_timeseries,FPA ($\phi$=0.5),3.9,24.491894
A_timeseries,FPA ($\phi$=0.5),3.905,24.492295
A_timeseries,FPA ($\phi$=0.5),3.91,24.4927
A_timeseries,FPA ($\phi$=0.5),3.915,24.493112
A_timeseries,FPA ($\phi$=0.5),3.92,24.493531
A_timeseries,FPA ($\phi$=0.5),3.925,24.493955
A_timeseries,FPA ($\phi$=0.5),3.93,24.494378
A_timeseries,FPA ($\phi$=0.5),3.935,24.494794
A_timeseries,FPA ($\phi$=0.5),3.94,24.495201
A_timeseries,FPA ($\phi$=0.5),3.945,24.495597
A_timeseries,FPA ($\phi$=0.5),3.95,24.495984
A_timeseries,FPA ($\phi$=0.5),3.955,24.496368
A_timeseries,FPA ($\phi$=0.5),3.96,24.496754
A_timeseries,FPA ($\phi$=0.5),3.965,24.497146
A_timeseries,FPA ($\phi$=0.5),3.97,24.497546
A_timeseries,FPA ($\phi$=0.5),3.975,24.497951
A_timeseries,FPA ($\phi$=0.5),3.98,24.498357
A_timeseries,FPA ($\phi$=0.5),3.985,24.498758
A_timeseries,FPA ($\phi$=0.5),3.99,24.49915
A_timeseries,FPA ($\phi$=0.5),3.995,24.499531
A_timeseries,FPA ($\phi$=0.5),4.0,24.499903
A_timeseries,FPA ($\phi$=0.5),4.005,24.50027
A_timeseries,FPA ($\phi$=0.5),4.01,24.500638
A_timeseries,FPA ($\phi$=0.5),4.015,24.501011
A_timeseries,FPA ($\phi$=0.5),4.02,24.501391
A_timeseries,FPA ($\phi$=0.5),4.025,24.501777
A_timeseries,FPA ($\phi$=0.5),4.03,24.502165
A_timeseries,FPA ($\phi$=0.5),4.035,24.50255
A_timeseries,FPA ($\phi$=0.5),4.04,24.502926
A_timeseries,FPA ($\phi$=0.5),4.045,24.503292
A_timeseries,FPA ($\phi$=0.5),4.05,24.503649
A_timeseries,FPA ($\phi$=0.5),4.055,24.503999
A_timeseries,FPA ($\phi$=0.5),4.06,24.504349
A_timeseries,FPA ($\phi$=0.5),4.065,24.504703
A_timeseries,FPA ($\phi$=0.5),4.07,24.505063
A_timeseries,FPA ($\phi$=0.5),4.075,24.505431
A_timeseries,FPA ($\phi$=0.5),4.08,24.505801
A_timeseries,FPA ($\phi$=0.5),4.085,24.506169
A_timeseries,FPA ($\phi$=0.5),4.09,24.506529
A_timeseries,FPA ($\phi$=0.5),4.095,24.50688
A_timeseries,FPA ($\phi$=0.5),4.1,24.50722
A_timeseries,FPA ($\phi$=0.5),4.105,24.507554
A_timeseries,FPA ($\phi$=0.5),4.11,24.507886
A_timeseries,FPA ($\phi$=0.5),4.115,24.508221
A_timeseries,FPA ($\phi$=0.5),4.12,24.508563
A_timeseries,FPA ($\phi$=0.5),4.125,24.508911
A_timeseries,FPA ($\phi$=0.5),4.13,24.509263
A_timeseries,FPA ($\phi$=0.5),4.135,24.509614
A_timeseries,FPA ($\phi$=0.5),4.14,24.509958
A_timeseries,FPA ($\phi$=0.5),4.145,24.510292
A_timeseries,FPA ($\phi$=0.5),4.15,24.510616
A_timeseries,FPA ($\phi$=0.5),4.155,24.510933
A_timeseries,FPA ($\phi$=0.5),4.16,24.511248
A_timeseries,FPA ($\phi$=0.5),4.165,24.511565
A_timeseries,FPA ($\phi$=0.5),4.17,24.511887
A_timeseries,FPA ($\phi$=0.5),4.175,24.512217
A_timeseries,FPA ($\phi$=0.5),4.18,24.51255
A_timeseries,FPA ($\phi$=0.5),4.185,24.512883
A_timeseries,FPA ($\phi$=0.5),4.19,24.51321
A_timeseries,FPA ($\phi$=0.5),4.195,24.513528
A_timeseries,FPA ($\phi$=0.5),4.2,24.513836
A_timeseries,FPA ($\phi$=0.5),4.205,24.514136
A_timeseries,FPA ($\phi$=0.5),4.21,24.514433
A_timeseries,FPA ($\phi$=0.5),4.215,24.514731
A_timeseries,FPA ($\phi$=0.5),4.22,24.515036
A_timeseries,FPA ($\phi$=0.5),4.225,24.515347
A_timeseries,FPA ($\phi$=0.5),4.23,24.515662
A_timeseries,FPA ($\phi$=0.5),4.235,24.515977
A_timeseries,FPA ($\phi$=0.5),4.24,24.516286
A_timeseries,FPA ($\phi$=0.5),4.245,24.516587
A_timeseries,FPA ($\phi$=0.5),4.25,24.516878
A_timeseries,FPA ($\phi$=0.5),4.255,24.517161
A_timeseries,FPA ($\phi$=0.5),4.26,24.51744
A_timeseries,FPA ($\phi$=0.5),4.265,24.517721
A_timeseries,FPA ($\phi$=0.5),4.27,24.518007
A_timeseries,FPA ($\phi$=0.5),4.275,24.518299
A_timeseries,FPA ($\phi$=0.5),4.28,24.518596
A_timeseries,FPA ($\phi$=0.5),4.285,24.518892
A_timeseries,FPA ($\phi$=0.5),4.29,24.519185
A_timeseries,FPA ($\phi$=0.5),4.295,24.519468
A_timeseries,FPA ($\phi$=0.5),4.3,24.519741
A_timeseries,FPA ($\phi$=0.5),4.305,24.520007
A_timeseries,FPA ($\phi$=0.5),4.31,24.520268
A_timeseries,FPA ($\phi$=0.5),4.315,24.520531
A_timeseries,FPA ($\phi$=0.5),4.32,24.520799
A_timeseries,FPA ($\phi$=0.5),4.325,24.521072
A_timeseries,FPA ($\phi$=0.5),4.33,24.521351
A_timeseries,FPA ($\phi$=0.5),4.335,24.521629
A_timeseries,FPA ($\phi$=0.5),4.34,24.521904
A_timeseries,FPA ($\phi$=0.5),4.345,24.522169
A_timeseries,FPA ($\phi$=0.5),4.35,24.522425
A_timeseries,FPA ($\phi$=0.5),4.355,24.522673
A_timeseries,FPA ($\phi$=0.5),4.36,24.522917
A_timeseries,FPA ($\phi$=0.5),4.365,24.523161
A_timeseries,FPA ($\phi$=0.5),4.37,24.523411
A_timeseries,FPA ($\phi$=0.5),4.375,24.523666
A_timeseries,FPA ($\phi$=0.5),4.38,24.523926
A_timeseries,FPA ($\phi$=0.5),4.385,24.524187
A_timeseries,FPA ($\phi$=0.5),4.39,24.524443
A_timeseries,FPA ($\phi$=0.5),4.395,24.52469
A_timeseries,FPA ($\phi$=0.5),4.4,24.524928
A_timeseries,FPA ($\phi$=0.5),4.405,24.525158
A_timeseries,FPA ($\phi$=0.5),4.41,24.525384
A_timeseries,FPA ($\phi$=0.5),4.415,24.525611
A_timeseries,FPA ($\phi$=0.5),4.42,24.525842
A_timeseries,FPA ($\phi$=0.5),4.425,24.52608
A_timeseries,FPA ($\phi$=0.5),4.43,24.526321
A_timeseries,FPA ($\phi$=0.5),4.435,24.526563
A_timeseries,FPA ($\phi$=0.5),4.44,24.526801
A_timeseries,FPA ($\phi$=0.5),4.445,24.52703
A_timeseries,FPA ($\phi$=0.5),4.45,24.52725
A_timeseries,FPA ($\phi$=0.5),4.455,24.527462
A_timeseries,FPA ($\phi$=0.5),4.46,24.52767
A_timeseries,FPA ($\phi$=0.5),4.465,24.527879
A_timeseries,FPA ($\phi$=0.5),4.47,24.528092
A_timeseries,FPA ($\phi$=0.5),4.475,24.528311
A_timeseries,FPA ($\phi$=0.5),4.48,24.528535
A_timeseries,FPA ($\phi$=0.5),4.485,24.528758
A_timeseries,FPA ($\phi$=0.5),4.49,24.528977
A_timeseries,FPA ($\phi$=0.5),4.495,24.529188
B_velocity,SAC,0.5,23.890863
B_velocity,SAC,1.0,23.753824
B_velocity,SAC,2.0,23.70954
B_velocity,SAC,5.0,23.764604
B_velocity,SAC,10.0,24.027842
B_velocity,SAC,20.0,23.593682
B_velocity,SCA+GSS,0.5,10.65127
B_velocity,SCA+GSS,1.0,9.050445
B_velocity,SCA+GSS,2.0,6.969182
B_velocity,SCA+GSS,5.0,3.69053
B_velocity,SCA+GSS,10.0,2.455512
B_velocity,SCA+GSS,20.0,2.678121
B_velocity,MRT,0.5,6.540127
B_velocity,MRT,1.0,7.766168
B_velocity,MRT,2.0,10.756042
B_velocity,MRT,5.0,13.595975
B_velocity,MRT,10.0,15.766926
B_velocity,MRT,20.0,15.953982
B_velocity,FPA ($\phi$=0.9),0.5,24.253862
B_velocity,FPA ($\phi$=0.9),1.0,24.360525
B_velocity,FPA ($\phi$=0.9),2.0,24.624435
B_velocity,FPA ($\phi$=0.9),5.0,24.859313
B_velocity,FPA ($\phi$=0.9),10.0,24.883579
B_velocity,FPA ($\phi$=0.9),20.0,24.624253
B_velocity,FPA ($\phi$=0.5),0.5,23.721095
B_velocity,FPA ($\phi$=0.5),1.0,23.773272
B_velocity,FPA ($\phi$=0.5),2.0,23.900469
B_velocity,FPA ($\phi$=0.5),5.0,24.088611
B_velocity,FPA ($\phi$=0.5),10.0,24.069845
B_velocity,FPA ($\phi$=0.5),20.0,23.804027
latency_ms,SAC,0,0.9127
latency_ms,SCA+GSS,0,136.9059
